,33 Trial 1,33 Trial 2,33 Trial 3,33-Triton Trial 1,33-Triton Trial 2,33-Triton Trial 3
Time,Intensity,Intensity,Intensity,Intensity,Intensity,Intensity
1,107.294,99.563999,90.448999,76.345,92.480999,84.046
2,105.930333,98.596666,90.141666,74.324999,90.755666,81.804999
3,104.740666,97.866,89.741,72.066,89.084999,79.616999
4,103.615,97.532333,89.283999,69.677666,87.458333,77.497666
5,102.564,97.171333,89.108333,67.337666,85.913666,75.440999
6,101.491333,96.833666,88.874666,65.176666,84.273,73.458333
7,100.488,96.421333,88.574666,63.063666,82.648999,71.577
8,99.567666,95.945333,88.214666,61.08,80.930666,69.782666
9,98.577333,95.495333,87.930666,59.133666,79.284333,68.022
10,97.549666,95.022333,87.755,57.291333,77.685999,66.306666
11,96.569666,94.707666,87.611666,55.556,76.302,64.775666
12,95.741333,94.337666,87.423,53.882333,74.914999,63.332666
13,94.991666,93.906666,87.164999,52.224,73.544666,61.919333
14,94.178999,93.463666,86.871333,50.648666,72.133,60.484
15,93.348999,93.071999,86.628,49.165333,70.765666,59.107666
16,92.56,92.685666,86.339666,47.757666,69.414999,57.784333
17,91.781666,92.236333,86.047666,46.367999,68.121,56.465
18,90.975666,91.838333,85.812666,45.007333,66.948333,55.181
19,90.137666,91.574666,85.604666,43.752,65.834333,53.986999
20,89.327999,91.351999,85.469333,42.602333,64.701333,52.850333
21,88.586,91.071666,85.336666,41.527666,63.512333,51.724
22,87.885666,90.651,85.197666,40.488666,62.340333,50.674666
23,87.325999,90.172,85.087999,39.482333,61.148999,49.679666
24,86.649333,89.725333,84.937,38.488,60.037666,48.806666
25,85.961666,89.364666,85.015333,37.439666,58.956,47.966
26,85.232333,89.081999,85.033999,36.454,57.944,47.177333
27,84.723666,88.701666,85.009666,35.553333,56.951,46.433
28,84.098,88.334999,84.839999,34.801333,55.977666,45.708333
29,83.307666,87.946,84.596,34.076666,55.042666,45.005333
30,82.354999,87.650666,84.448666,33.318666,54.151333,44.255333
31,81.699999,87.33,84.282666,32.559333,53.318666,43.535999
32,81.206666,86.984666,84.074333,31.731,52.464666,42.794
33,80.834333,86.544333,83.94,31.019333,51.566666,42.186333
34,80.282999,86.147,83.729333,30.322666,50.562333,41.557
35,79.765666,85.777333,83.615333,29.746333,49.679333,40.915666
36,79.119333,85.485333,83.233333,29.113666,48.866,40.182
37,78.501333,85.247333,82.999666,28.522333,48.113333,39.432
38,77.914666,85.030666,82.776333,27.914333,47.306333,38.787666
39,77.408333,84.913666,82.672333,27.368666,46.577666,38.229333
40,76.938999,84.703,82.487333,26.885666,45.905333,37.708
41,76.393666,84.417333,82.232333,26.413,45.25,37.193666
42,75.899,84.077666,82.041,25.956,44.525666,36.602
43,75.448333,83.804333,81.855666,25.469333,43.821,36.033333
44,74.968666,83.546666,81.702333,25.033,43.173333,35.521
45,74.464666,83.374999,81.481999,24.621666,42.544,35.059666
46,73.917666,83.255333,81.184,24.235,41.887,34.604666
47,73.359333,83.202333,80.907666,23.858666,41.207666,34.142333
48,72.781333,83.017,80.678333,23.485333,40.566,33.660999
49,72.189666,82.655333,80.456,23.123333,39.962333,33.195333
50,71.640666,82.282666,80.185,22.770333,39.375333,32.799333
51,71.158,81.963333,79.872,22.412333,38.821,32.438666
52,70.742999,81.801999,79.635,22.024333,38.284333,32.054666
53,70.375,81.649999,79.482666,21.67,37.797999,31.599666
54,69.956666,81.435666,79.310333,21.384,37.343,31.139333
55,69.476,81.146999,79.085666,21.114666,36.845333,30.707
56,68.981666,81.027999,78.904333,20.857666,36.347333,30.353333
57,68.533,80.834666,78.741333,20.57,35.765666,30.059
58,68.092666,80.639666,78.566666,20.344,35.354333,29.829333
59,67.685999,80.256666,78.263666,20.127,34.917333,29.525333
60,67.385333,80.012666,78.032333,19.915,34.549666,29.267333
61,66.947999,79.821666,77.773333,19.704333,34.018,28.966333
62,66.59,79.621333,77.559333,19.466666,33.533333,28.677
63,66.055666,79.386,77.214999,19.224,33.093,28.377666
64,65.657,79.092333,76.967,18.970666,32.721666,28.075666
65,65.253,78.86,76.793,18.782666,32.307666,27.840666
66,64.854,78.544333,76.588333,18.67,31.846666,27.633333
67,64.435333,78.286999,76.383,18.538,31.397,27.535
68,63.963666,77.937666,76.165666,18.344666,31.000333,27.333
69,63.530333,77.728666,76.062,18.106666,30.668,27.068666
70,63.116333,77.562666,75.934333,17.925666,30.376,26.744333
71,62.697333,77.387,75.762666,17.771,30.069666,26.515666
72,62.256,77.187333,75.490666,17.598666,29.751,26.281333
73,61.790666,76.933666,75.268666,17.423666,29.389,26.024666
74,61.322,76.776333,75.078666,17.284333,29.06,25.730666
75,60.942333,76.581999,75.023999,17.176333,28.703666,25.464
76,60.638,76.361999,74.958333,17.073666,28.355333,25.273333
77,60.341666,76.143999,74.877666,16.950666,28.012666,25.154333
78,59.999,75.931333,74.664333,16.803666,27.724,25.02
79,59.605333,75.729666,74.373666,16.651666,27.495333,24.820666
80,59.176,75.522333,74.079666,16.537,27.263666,24.616
81,58.786666,75.338666,73.805333,16.462333,27.011,24.472
82,58.463,75.167999,73.599,16.375333,26.730333,24.344666
83,58.116,74.916,73.360333,16.241,26.420333,24.141333
84,57.748333,74.663666,73.241333,16.086,26.130333,23.884333
85,57.361666,74.394333,73.081999,15.976666,25.857666,23.654
86,57.145999,74.239333,72.991666,15.854666,25.599333,23.515666
87,56.856666,74.097,72.804333,15.783,25.381,23.401666
88,56.538666,73.916666,72.651666,15.652666,25.127666,23.268333
89,56.033333,73.594666,72.391666,15.573333,24.959666,23.103
90,55.755,73.295666,72.362666,15.448666,24.789333,22.969333
91,55.498666,73.050333,72.222666,15.357333,24.631,22.797
92,55.361,72.771,72.14,15.264,24.444666,22.725666
93,55.018,72.673666,71.919,15.181333,24.211666,22.610666
94,54.724333,72.529,71.790666,15.148666,23.989,22.580666
95,54.401999,72.459666,71.589,15.109666,23.738333,22.451666
96,54.048333,72.196,71.378999,15.098333,23.519333,22.287333
97,53.674666,71.928333,71.148333,15.013666,23.306666,22.110666
98,53.259333,71.727666,70.997666,14.95,23.086333,21.909333
99,52.96,71.552333,70.837666,14.863,22.856666,21.781666
100,52.698666,71.412333,70.712333,14.799333,22.685,21.628
101,52.485,71.203,70.582666,14.733666,22.531,21.534
102,52.240666,70.968,70.393,14.697,22.401,21.411
103,51.906333,70.794333,70.172666,14.687,22.260333,21.288333
104,51.550999,70.746,69.995333,14.661666,22.123333,21.138666
105,51.203666,70.646666,69.855333,14.607,21.984333,21.059
106,50.955,70.432,69.709,14.565333,21.799,21.013666
107,50.705666,70.108333,69.557,14.524333,21.593333,20.965333
108,50.376666,69.819666,69.458,14.488666,21.393666,20.869333
109,49.968,69.589333,69.387333,14.427333,21.233333,20.761
110,49.598333,69.405,69.199,14.371,21.111666,20.662666
111,49.333666,69.225333,68.904333,14.298666,20.973333,20.567666
112,49.108333,69.01,68.654666,14.201666,20.789,20.486
113,48.903333,68.8,68.512666,14.152666,20.605,20.409
114,48.693666,68.607333,68.439333,14.106,20.476333,20.328333
115,48.408666,68.473,68.311333,14.047,20.401,20.252666
116,48.100999,68.347666,68.170999,13.974,20.322666,20.211333
117,47.763666,68.215666,68.058666,13.922666,20.219333,20.194333
118,47.506,67.984333,67.959,13.916333,20.112333,20.146333
119,47.262666,67.710666,67.777666,13.869333,20.006333,20.042333
120,47.007666,67.419666,67.652999,13.825333,19.879,19.946
121,46.783,67.304666,67.440333,13.774333,19.737666,19.873333
122,46.562333,67.253,67.323666,13.722,19.613333,19.826
123,46.276333,67.145666,67.012333,13.659,19.516666,19.726
124,46.008666,66.998,66.889666,13.633,19.387666,19.630666
125,45.743333,66.738,66.799666,13.629333,19.301333,19.583666
126,45.521333,66.630333,66.691,13.621333,19.202,19.561333
127,45.283,66.447,66.670999,13.544666,19.165333,19.515
128,45.097666,66.332333,66.510666,13.473,19.058333,19.377666
129,44.946,66.083333,66.473,13.427,18.96,19.300333
130,44.768,65.939666,66.232333,13.408666,18.858666,19.221666
131,44.510666,65.824,66.116333,13.391666,18.748333,19.169
132,44.240666,65.757666,66.025,13.345,18.648666,19.092
133,43.959333,65.564333,65.946333,13.287666,18.552,19.064
134,43.682666,65.337666,65.816666,13.266666,18.478333,19.003666
135,43.418333,65.16,65.739333,13.276666,18.377666,18.905
136,43.195333,65.074333,65.694333,13.302,18.268666,18.808
137,43.008333,64.988333,65.638666,13.258333,18.192,18.773666
138,42.773999,64.822999,65.461,13.199333,18.110666,18.732666
139,42.459333,64.592333,65.276666,13.140333,18.026333,18.647
140,42.144666,64.413,65.138333,13.110666,17.930666,18.575333
141,41.913,64.306666,65.006666,13.095333,17.843666,18.524666
142,41.734,64.192999,64.862333,13.075333,17.77,18.467666
143,41.537666,64.024666,64.714,13.048,17.691666,18.420333
144,41.331666,63.818666,64.577666,12.989666,17.617666,18.395333
145,41.138666,63.649,64.456666,12.929,17.562666,18.364333
146,40.924333,63.506666,64.347333,12.898333,17.556666,18.292
147,40.702666,63.309666,64.207333,12.916666,17.552,18.213666
148,40.454666,63.108999,64.095666,12.941,17.489333,18.138666
149,40.29,62.85,63.930333,12.925666,17.365333,18.075
150,40.135,62.687333,63.829333,12.866,17.272,18.011666
151,39.918,62.529,63.687,12.817,17.214666,17.995333
152,39.636333,62.527,63.637333,12.784,17.224,17.932333
153,39.348666,62.443666,63.557333,12.765666,17.210666,17.890333
154,39.216666,62.255333,63.423666,12.748,17.180666,17.782
155,39.084999,62.057666,63.242666,12.703666,17.107333,17.805
156,38.977,61.855,63.099999,12.681,17.032333,17.764666
157,38.751666,61.782,62.919,12.646666,16.995666,17.763333
158,38.565666,61.53,62.840666,12.646666,16.938666,17.699
159,38.328666,61.391,62.790333,12.635333,16.848666,17.662666
160,38.141333,61.232,62.771333,12.629666,16.777666,17.654333
161,37.928666,61.054333,62.644666,12.608,16.716333,17.626
162,37.708,60.824666,62.49,12.577,16.677333,17.611333
163,37.469666,60.639,62.432333,12.555666,16.610666,17.548666
164,37.214333,60.551666,62.301,12.536,16.55,17.528333
165,37.009,60.383333,62.195666,12.516,16.463,17.466666
166,36.855,60.221666,62.038333,12.496333,16.393333,17.423333
167,36.699666,60.125333,61.907,12.484666,16.343666,17.334
168,36.529,60.093999,61.703999,12.488333,16.297,17.286666
169,36.361999,59.94,61.505333,12.486,16.261666,17.276666
170,36.188,59.692666,61.329,12.497666,16.233,17.26
171,36.023,59.489666,61.226666,12.508,16.22,17.223333
172,35.828666,59.380666,61.200333,12.502333,16.182666,17.175666
173,35.598,59.312666,61.138,12.483,16.127333,17.161
174,35.366,59.240666,61.014666,12.454333,16.086666,17.168
175,35.157333,59.160999,60.909666,12.433666,16.049666,17.129666
176,35.020666,59.027666,60.826,12.420666,16.028,17.052666
177,34.896,58.854666,60.742999,12.398666,15.998666,16.965333
178,34.749333,58.658666,60.648666,12.380333,15.964,16.89
179,34.588666,58.459,60.538333,12.349666,15.919666,16.900666
180,34.490333,58.310666,60.479333,12.328333,15.871666,16.939
181,34.351666,58.142333,60.322333,12.318333,15.849666,16.949666
182,34.255666,58.076333,60.195,12.306666,15.816333,16.899333
183,34.042666,58.005666,60.073333,12.316666,15.79,16.846666
184,33.88,57.987666,59.905666,12.296,15.707666,16.838666
185,33.689,57.816333,59.797999,12.302666,15.648,16.757666
186,33.565333,57.696666,59.644,12.281666,15.598666,16.649666
187,33.416333,57.535999,59.637,12.271666,15.581,16.597
188,33.227333,57.382,59.519,12.247,15.538333,16.582
189,32.981666,57.236333,59.438333,12.232,15.506666,16.619
190,32.774333,57.073666,59.302,12.238,15.475,16.569333
191,32.589666,56.991333,59.196333,12.233666,15.447,16.571666
192,32.489999,56.833333,59.151333,12.224,15.43,16.527666
193,32.315666,56.704333,59.082333,12.205,15.428333,16.501333
194,32.162333,56.592,59.069,12.194,15.421,16.437666
195,31.970666,56.493,58.927,12.175666,15.408,16.378666
196,31.838333,56.422333,58.804666,12.168666,15.382333,16.358333
197,31.693666,56.354666,58.613,12.164666,15.378333,16.356666
198,31.594666,56.252333,58.479,12.164333,15.371333,16.381666
199,31.457333,56.080333,58.383666,12.138666,15.343666,16.354333
200,31.304333,55.870666,58.325666,12.11,15.296666,16.307666
201,31.15,55.767333,58.260333,12.114666,15.230333,16.246
202,31.005333,55.762,58.169666,12.135,15.190666,16.226
203,30.862333,55.720666,58.106666,12.133333,15.179,16.208
204,30.729666,55.584,58.054666,12.101666,15.159333,16.164666
205,30.630666,55.404,57.975,12.083333,15.129666,16.148333
206,30.518,55.265,57.873666,12.086666,15.109666,16.147
207,30.359,55.170666,57.767333,12.055,15.107666,16.124
208,30.228666,55.037,57.701666,12.015,15.104666,16.051666
209,30.137,54.908,57.614,11.993,15.077333,16.003
210,30.058666,54.807,57.515333,12.008,15.055,15.976666
211,29.930333,54.761999,57.390333,12.017333,15.049666,15.996666
212,29.749333,54.590666,57.355666,12.004333,15.053,15.98
213,29.635666,54.366,57.265333,12.015,15.033666,15.947666
214,29.519,54.089666,57.145333,11.996,14.982666,15.880333
215,29.451,54.064333,56.972666,11.96,14.925333,15.807
216,29.338,54.036,56.835,11.922,14.914333,15.834666
217,29.235333,53.997333,56.717333,11.943333,14.931,15.789666
218,29.145666,53.913333,56.526333,11.952,14.92,15.789333
219,29.038,53.729333,56.460333,11.935,14.903666,15.734666
220,28.922666,53.676333,56.535666,11.882333,14.909666,15.779
221,28.738333,53.481,56.555,11.857666,14.919666,15.762666
222,28.544,53.502666,56.435666,11.844333,14.922,15.717666
223,28.367,53.350333,56.216333,11.836333,14.882,15.698
224,28.270333,53.260333,56.130666,11.843,14.864333,15.677666
225,28.169666,53.038,56.139,11.866333,14.824,15.645666
226,28.058,52.936666,56.09,11.898666,14.787666,15.604
227,27.928333,52.867333,56.022,11.887666,14.751333,15.595666
228,27.799,52.791333,55.866333,11.836333,14.726333,15.599666
229,27.657666,52.628666,55.720666,11.777,14.728333,15.589
230,27.519333,52.49,55.598333,11.764666,14.733666,15.598
231,27.396333,52.365999,55.469666,11.781333,14.734,15.595333
232,27.304666,52.296666,55.343666,11.780333,14.721666,15.565333
233,27.217,52.246,55.275666,11.749666,14.708,15.516
234,27.139333,52.185333,55.296666,11.723333,14.684333,15.491666
235,27.107333,52.098666,55.316666,11.725666,14.656666,15.480666
236,27.077666,51.975333,55.25,11.728333,14.648333,15.474
237,26.996,51.890666,55.132333,11.707666,14.642333,15.476333
238,26.873333,51.853,55.034666,11.685333,14.627666,15.434333
239,26.704333,51.760333,54.979666,11.672,14.616666,15.406666
240,26.551666,51.642,54.931,11.671333,14.601,15.382333
241,26.399333,51.486333,54.893666,11.656333,14.59,15.383
242,26.302666,51.356666,54.852,11.614666,14.569666,15.358666
243,26.227666,51.247666,54.748666,11.577666,14.555666,15.311
244,26.166666,51.094,54.617,11.600333,14.551333,15.282333
245,26.077666,50.980999,54.382,11.62,14.529,15.286333
246,25.975666,50.899333,54.273333,11.636666,14.546,15.273
247,25.885666,50.868333,54.191,11.624,14.521333,15.262333
248,25.793666,50.697666,54.195666,11.602333,14.521666,15.225
249,25.702333,50.488333,54.165666,11.634,14.455333,15.229666
250,25.573,50.392333,54.146666,11.615,14.471666,15.201
251,25.470666,50.392333,54.068666,11.607666,14.448666,15.199333
252,25.370333,50.395333,53.921666,11.560333,14.449666,15.188
253,25.294333,50.235999,53.791333,11.553666,14.424666,15.175666
254,25.157,50.141333,53.689666,11.561333,14.445333,15.166
255,25.105666,50.042666,53.660333,11.537666,14.487333,15.135666
256,25.013333,49.962666,53.605,11.543333,14.472333,15.139333
257,24.946333,49.843,53.504666,11.541,14.447333,15.116333
258,24.817333,49.723,53.400333,11.535333,14.397666,15.101333
259,24.725,49.680333,53.270999,11.505,14.397,15.075
260,24.685666,49.635666,53.237666,11.491666,14.392,15.072
261,24.625,49.611999,53.200666,11.500333,14.368,15.075
262,24.528666,49.571666,53.134666,11.495,14.326333,15.077333
263,24.397666,49.480999,52.99,11.49,14.289666,15.063333
264,24.282333,49.318333,52.865666,11.467,14.283666,15.050666
265,24.240666,49.113666,52.823333,11.422,14.297666,15.047333
266,24.196,48.953666,52.826333,11.387666,14.323333,15.041333
267,24.074333,48.835666,52.797999,11.393,14.340333,15.03
268,23.931333,48.722333,52.679333,11.427333,14.312666,15.013333
269,23.848666,48.660333,52.569,11.446666,14.25,14.985666
270,23.885,48.615666,52.504666,11.447,14.186333,14.952
271,23.842333,48.565333,52.464666,11.435666,14.172,14.937
272,23.713,48.463666,52.381333,11.429666,14.185,14.932333
273,23.550333,48.380666,52.303333,11.411,14.16,14.959
274,23.446333,48.286666,52.218,11.374,14.149,14.954333
275,23.404,48.204333,52.136666,11.366,14.108333,14.938
276,23.348,48.113,51.993666,11.358666,14.126333,14.886333
277,23.278333,48.074333,51.866666,11.38,14.145,14.868333
278,23.179333,48.033333,51.799666,11.389666,14.128,14.865666
279,23.062333,47.975333,51.758,11.385,14.111666,14.851333
280,22.974666,47.904999,51.719333,11.353666,14.096,14.868333
281,22.894666,47.742333,51.601666,11.373333,14.088,14.858
282,22.834333,47.589333,51.464666,11.348,14.095666,14.878666
283,22.775,47.528666,51.503666,11.333666,14.081333,14.859
284,22.698333,47.497333,51.542,11.242666,14.060666,14.882
285,22.670666,47.446666,51.546333,11.234333,14.024333,14.857333
286,22.631,47.326666,51.433,11.244333,13.982,14.8
287,22.590666,47.215666,51.345333,11.267,13.999666,14.770666
288,22.448,47.105666,51.266666,11.263,14.001,14.802
289,22.338666,46.992333,51.15,11.246,14.003,14.859
290,22.243,46.933666,51.092666,11.255,13.999666,14.838666
291,22.234666,46.881333,51.046666,11.277333,13.986333,14.776666
292,22.219666,46.779,50.958666,11.304666,13.959,14.714
293,22.161,46.634666,50.834333,11.307,13.916,14.695666
294,22.017,46.52,50.718666,11.293666,13.887,14.709666
295,21.866,46.467666,50.617333,11.273333,13.881666,14.732666
296,21.801,46.477666,50.53,11.247,13.905666,14.748666
297,21.776333,46.459666,50.468,11.230333,13.934,14.755
298,21.724,46.376333,50.463666,11.237666,13.936,14.739
299,21.656,46.262,50.513666,11.252333,13.918333,14.709333
300,21.586333,46.096666,50.534333,11.243666,13.884666,14.701333
301,21.502333,45.980333,50.512,11.213666,13.869,14.681
302,21.421666,45.874666,50.442333,11.181,13.888333,14.67
303,21.337333,45.839666,50.306666,11.185333,13.876666,14.619666
304,21.289333,45.812333,50.183333,11.206,13.858333,14.603
305,21.226666,45.711333,50.080666,11.207,13.788,14.604
306,21.235666,45.604,50.006,11.213666,13.779,14.594
307,21.162333,45.568333,49.961666,11.190333,13.754666,14.597333
308,21.125,45.512333,49.897333,11.191,13.751666,14.571666
309,21.021333,45.402333,49.828666,11.154,13.753333,14.589666
310,20.941333,45.163,49.742,11.147,13.777,14.580333
311,20.820333,45.123,49.586,11.149666,13.793333,14.600666
312,20.760333,45.151,49.556666,11.178666,13.804333,14.565333
313,20.773666,45.160333,49.462666,11.166,13.798,14.577
314,20.728666,45.087,49.471333,11.151333,13.766333,14.542
315,20.656333,44.952666,49.359666,11.128,13.726333,14.553333
316,20.570666,44.876,49.313,11.142333,13.716,14.520666
317,20.518666,44.743999,49.250666,11.135666,13.721333,14.522333
318,20.426333,44.662,49.212666,11.134,13.693333,14.508333
319,20.379666,44.642666,49.182666,11.105,13.664,14.509
320,20.347666,44.625666,49.104333,11.094,13.655333,14.470333
321,20.355666,44.593,49.071666,11.095666,13.683666,14.455666
322,20.292,44.458333,49.003333,11.1,13.704333,14.437666
323,20.254333,44.366666,48.942666,11.082333,13.702666,14.458
324,20.181,44.264,48.84,11.056333,13.673333,14.461666
325,20.095333,44.170333,48.785333,11.062333,13.635,14.45
326,20.009666,44.068333,48.748333,11.087,13.607666,14.425
327,19.951,43.962999,48.665333,11.115666,13.604333,14.397
328,19.936666,43.874666,48.528333,11.121333,13.628666,14.371333
329,19.910666,43.776333,48.409333,11.104666,13.648333,14.348
330,19.863333,43.672333,48.381333,11.093333,13.642666,14.346666
331,19.827333,43.554666,48.360333,11.084,13.635666,14.351666
332,19.789666,43.423,48.331999,11.106,13.629,14.341333
333,19.738333,43.375666,48.277333,11.099,13.642333,14.322
334,19.654333,43.389666,48.234666,11.096666,13.616666,14.299333
335,19.568666,43.406,48.177333,11.058666,13.592333,14.297
336,19.554,43.402,48.086666,11.042333,13.566333,14.298
337,19.522333,43.296333,48.021666,11.040666,13.558666,14.302333
338,19.485,43.235666,47.977,11.050333,13.539333,14.288333
339,19.443666,43.113666,47.939666,11.041333,13.534,14.265666
340,19.369666,43.032666,47.913666,11.011,13.514666,14.249
341,19.322333,42.964666,47.799666,11.011333,13.524666,14.284666
342,19.236,42.866666,47.667333,11.031333,13.565333,14.271333
343,19.185666,42.768666,47.547999,11.056666,13.57,14.226666
344,19.135333,42.647666,47.532,11.065666,13.545333,14.222333
345,19.101666,42.587333,47.561333,11.034,13.468,14.210333
346,19.098,42.533,47.517333,11.007333,13.468,14.242333
347,19.036333,42.406333,47.461666,10.983333,13.470666,14.187
348,18.947666,42.302666,47.393333,10.988666,13.496,14.210333
349,18.867333,42.18,47.387666,10.998,13.487666,14.212666
350,18.835333,42.211,47.294,10.989333,13.481333,14.212
351,18.814666,42.230999,47.222,10.976333,13.475,14.217
352,18.783333,42.253333,47.155,10.958666,13.466333,14.196333
353,18.740666,42.106666,47.138666,10.944333,13.491,14.168666
354,18.680333,41.941666,47.096,10.944333,13.498,14.136666
355,18.646666,41.838666,46.959333,10.943,13.492333,14.141333
356,18.620333,41.795333,46.812,10.940666,13.454333,14.149666
357,18.576666,41.786,46.738,10.942333,13.416333,14.121333
358,18.507666,41.801333,46.757333,10.949,13.408333,14.08
359,18.459333,41.76,46.805,10.956,13.417666,14.063333
360,18.433333,41.622333,46.749,10.95,13.436333,14.079
361,18.356666,41.492,46.573666,10.922666,13.438,14.110666
362,18.255666,41.394666,46.434666,10.889666,13.401,14.129666
363,18.204666,41.337,46.392333,10.879,13.367666,14.112666
364,18.227333,41.293,46.403666,10.908666,13.347333,14.088666
365,18.227,41.204666,46.389666,10.944666,13.357333,14.072333
366,18.174666,41.102,46.327,10.946333,13.351333,14.035666
367,18.121,41.009333,46.297,10.93,13.386333,13.989
368,18.017666,40.990666,46.267999,10.921666,13.39,13.942
369,17.971666,41.073666,46.213666,10.894,13.382333,13.963
370,17.909,41.003333,46.191666,10.853666,13.335,13.979
371,17.885,40.991666,46.159333,10.828,13.308333,13.956
372,17.859666,40.856,46.093333,10.879666,13.269333,13.942
373,17.828666,40.794,45.952666,10.872666,13.304333,13.942666
374,17.801,40.646333,45.913666,10.852,13.308666,13.996
375,17.744333,40.613666,45.882,10.828333,13.311666,14.002666
376,17.669,40.55,45.900333,10.845333,13.233333,13.991
377,17.642666,40.500333,45.823666,10.853,13.231666,13.964333
378,17.599333,40.379666,45.801,10.833333,13.230666,13.91
379,17.563,40.268666,45.695333,10.833333,13.254333,13.876333
380,17.525333,40.209999,45.55,10.836,13.247,13.834666
381,17.478,40.141333,45.454333,10.818333,13.276,13.859
382,17.448666,40.15,45.453333,10.823333,13.262666,13.885333
383,17.416333,40.098333,45.532333,10.821,13.247666,13.914
384,17.401666,40.082666,45.547333,10.798666,13.211666,13.892333
385,17.412,40.045666,45.452,10.784333,13.191666,13.856666
386,17.405333,40.016333,45.280666,10.809333,13.191666,13.835
387,17.378666,39.953333,45.151,10.852,13.221666,13.822666
388,17.322,39.808666,45.124333,10.842666,13.242666,13.835333
389,17.279333,39.635,45.135666,10.818,13.220666,13.851666
390,17.265666,39.496333,45.133333,10.825,13.200333,13.854333
391,17.243666,39.453666,45.123333,10.844333,13.224666,13.835333
392,17.205333,39.505666,45.095333,10.863,13.245666,13.802333
393,17.157666,39.526999,45.029333,10.854333,13.224333,13.814333
394,17.129,39.465666,44.930666,10.829666,13.194,13.828666
395,17.104,39.357,44.838333,10.812,13.171333,13.81
396,17.04,39.266,44.746333,10.787666,13.185333,13.779666
397,16.974333,39.18,44.695666,10.793666,13.149,13.747
398,16.978,39.092333,44.678,10.81,13.152666,13.761333
399,16.981333,39.077666,44.675,10.816333,13.164333,13.760333
400,16.984666,39.05,44.656333,10.801666,13.186,13.744333
401,16.901333,38.953,44.553666,10.778333,13.135666,13.725333
402,16.839666,38.831999,44.531333,10.797666,13.100333,13.741
403,16.808666,38.674666,44.503333,10.809666,13.078,13.756333
404,16.735333,38.685333,44.485333,10.792666,13.058,13.742666
405,16.734666,38.667666,44.397666,10.778,13.038666,13.710333
406,16.639,38.683333,44.306666,10.78,13.031333,13.732
407,16.679666,38.611,44.258666,10.754666,13.059666,13.774333
408,16.636333,38.509333,44.153666,10.721666,13.085666,13.774666
409,16.614,38.454666,44.144666,10.686666,13.105333,13.728333
410,16.552,38.407333,44.154333,10.706333,13.135,13.682333
411,16.513333,38.346666,44.118,10.702,13.128333,13.664666
412,16.506,38.280666,43.942,10.733333,13.091333,13.679333
413,16.458,38.196666,43.755666,10.741333,13.055333,13.691666
414,16.438333,38.109,43.717,10.741,13.011666,13.689
415,16.419666,38.049333,43.782333,10.706333,13.018666,13.675
416,16.403,37.965666,43.776,10.699333,13.038,13.663666
417,16.358666,37.886,43.699666,10.711,13.044333,13.673333
418,16.310666,37.811,43.644,10.704666,13.035,13.679666
419,16.284,37.765,43.665,10.671,13.017333,13.667
420,16.267666,37.737666,43.669666,10.638333,13.016,13.623333
421,16.241666,37.689333,43.573666,10.629666,13.010333,13.586
422,16.204666,37.640333,43.483,10.636666,13,13.593666
423,16.175333,37.613333,43.504,10.649,13.016333,13.616333
424,16.152,37.578666,43.542,10.661666,13.036666,13.625666
425,16.115333,37.531666,43.517666,10.662666,13.068333,13.629666
426,16.071,37.478333,43.460333,10.648333,13.061333,13.635666
427,16.047,37.444666,43.356666,10.645,13.026,13.626
428,16.019,37.367666,43.268333,10.643,12.996,13.577666
429,16.028,37.314666,43.152333,10.652333,13.007666,13.533
430,16.004,37.252666,43.083,10.648666,13.036,13.546333
431,15.996666,37.192,43.004,10.645333,13.050333,13.583333
432,15.941,37.157999,42.948333,10.634,13.012,13.627
433,15.897666,37.087999,42.922,10.639,13.012,13.606666
434,15.849333,37.079333,43.025333,10.629333,12.987666,13.568333
435,15.808,36.982333,43.02,10.643,12.973666,13.560666
436,15.766666,36.854,42.942333,10.632666,12.964666,13.525
437,15.737333,36.732,42.807,10.643333,12.974,13.538666
438,15.724666,36.636666,42.715666,10.658,13.007333,13.510666
439,15.700666,36.616666,42.669666,10.661666,12.975,13.545333
440,15.699,36.579333,42.629333,10.645,12.957,13.533666
441,15.672,36.518666,42.590666,10.602666,12.947666,13.518666
442,15.656333,36.469,42.542999,10.573666,12.966333,13.469
443,15.617333,36.404666,42.425,10.589,12.948,13.460333
444,15.598333,36.414666,42.311666,10.604333,12.931333,13.446333
445,15.586333,36.342333,42.276,10.623,12.916,13.476
446,15.558333,36.293666,42.282333,10.604666,12.931666,13.489333
447,15.533,36.223666,42.297333,10.574333,12.944333,13.510333
448,15.514,36.218333,42.226666,10.555,12.946333,13.487333
449,15.490666,36.206666,42.158333,10.543666,12.937333,13.457
450,15.457666,36.117666,42.097,10.548333,12.928666,13.444666
451,15.439,36.013333,42.051333,10.556,12.959,13.455
452,15.439,35.953666,42.042,10.566666,13,13.484
453,15.433,35.949666,42.046333,10.568333,13.008,13.483666
454,15.413666,35.965333,42.047333,10.542,12.970666,13.436666
455,15.394,35.922666,41.980999,10.521333,12.895666,13.39
456,15.381666,35.851333,41.877666,10.512333,12.890666,13.376
457,15.364,35.829,41.778666,10.526666,12.894333,13.379
458,15.321,35.820666,41.669,10.563,12.895,13.355333
459,15.249333,35.855,41.619666,10.589,12.893333,13.336666
460,15.221333,35.794999,41.585666,10.593666,12.866666,13.358666
461,15.211666,35.716333,41.611333,10.569333,12.884,13.371666
462,15.233666,35.681,41.589333,10.518666,12.852333,13.354333
463,15.228,35.673666,41.570666,10.525333,12.872333,13.341333
464,15.209333,35.587666,41.518333,10.476666,12.874333,13.324333
465,15.158,35.464,41.468333,10.506666,12.875,13.354666
466,15.099333,35.336,41.468333,10.454,12.898666,13.396333
467,15.089666,35.325333,41.367666,10.465666,12.867666,13.387333
468,15.089333,35.321333,41.305333,10.437,12.844666,13.399333
469,15.085,35.304333,41.209,10.452333,12.796,13.373
470,15.064666,35.246,41.229666,10.476333,12.795,13.41
471,15.043,35.183333,41.166333,10.524666,12.834,13.372
472,15.018333,35.14,41.109666,10.558666,12.878666,13.331
473,14.978,35.137666,41.028333,10.539333,12.904666,13.345333
474,14.983333,35.089333,40.990333,10.478666,12.899333,13.361
475,14.991666,35.059666,40.960999,10.465333,12.872,13.340333
476,15.010666,35.029333,40.932333,10.479333,12.861333,13.281666
477,14.985333,35.017333,40.921,10.471,12.854,13.268666
478,14.961666,34.974,40.882666,10.431,12.853666,13.31
479,14.94,34.921333,40.885,10.418,12.862333,13.338666
480,14.922666,34.843666,40.922666,10.457,12.842333,13.347333
481,14.909666,34.779333,40.91,10.476333,12.806,13.353333
482,14.876333,34.739,40.821333,10.464,12.79,13.333333
483,14.842666,34.707999,40.695333,10.457,12.792666,13.269666
484,14.823,34.667333,40.597666,10.457333,12.785666,13.201333
485,14.807,34.594666,40.562333,10.458666,12.763333,13.172333
486,14.813333,34.52,40.535333,10.443333,12.745666,13.189666
487,14.798333,34.468666,40.492333,10.421666,12.737333,13.234666
488,14.795,34.473,40.467333,10.427666,12.738666,13.287
489,14.788333,34.434666,40.472333,10.414666,12.741666,13.317333
490,14.767666,34.392333,40.454333,10.422333,12.752666,13.278333
491,14.76,34.266333,40.417666,10.402333,12.787,13.267666
492,14.763666,34.242666,40.373,10.395,12.827666,13.233333
493,14.756,34.148333,40.364666,10.4,12.855,13.245666
494,14.724666,34.075333,40.328,10.426666,12.854333,13.241333
495,14.677333,34.045666,40.235666,10.431666,12.783333,13.213
496,14.687666,34.040666,40.196,10.404,12.767666,13.208333
497,14.683666,34.090666,40.170666,10.397,12.708,13.191
498,14.700666,34.029333,40.123666,10.368666,12.747666,13.238333
499,14.641,34.048333,40.015333,10.379,12.736,13.245333
500,14.635666,33.968666,39.93,10.362333,12.750666,13.214
501,14.602333,33.918666,39.863333,10.359,12.757333,13.195
502,14.611333,33.789666,39.847,10.371666,12.775666,13.182666
503,14.592,33.716666,39.823666,10.379,12.792666,13.213333
504,14.568666,33.654,39.865333,10.421666,12.766666,13.206
505,14.550333,33.609666,39.889666,10.412,12.739666,13.195333
506,14.527333,33.549,39.875666,10.399333,12.721666,13.171
507,14.511666,33.454,39.796333,10.364,12.697333,13.163333
508,14.495,33.412,39.701,10.341,12.67,13.160666
509,14.47,33.396,39.621,10.353,12.665666,13.162333
510,14.458,33.425,39.578666,10.377333,12.685333,13.177333
511,14.470666,33.413666,39.550666,10.382,12.709,13.165333
512,14.484333,33.340333,39.526333,10.35,12.702666,13.13
513,14.461,33.263,39.506333,10.324,12.699333,13.103333
514,14.412,33.230666,39.486,10.313,12.709,13.104
515,14.376,33.236333,39.466666,10.302666,12.702,13.133
516,14.354,33.197,39.459999,10.309666,12.689666,13.157333
517,14.335,33.083,39.445666,10.324333,12.682,13.157666
518,14.324666,33.002,39.380333,10.346666,12.706666,13.139666
519,14.312333,32.979666,39.308666,10.345666,12.716,13.092
520,14.302333,33.028,39.264,10.323333,12.707,13.107333
521,14.285333,33.032333,39.281,10.309333,12.686666,13.100666
522,14.301,32.968,39.252,10.348333,12.679,13.116
523,14.266,32.910999,39.133,10.387,12.648333,13.101333
524,14.216666,32.876,39.082333,10.387,12.662,13.106
525,14.162333,32.836666,39.034,10.353,12.671,13.153666
526,14.144666,32.673666,39.056,10.33,12.687333,13.141
527,14.132666,32.638333,38.942666,10.335666,12.664,13.162333
528,14.150666,32.647666,38.871666,10.311666,12.635333,13.101
529,14.142666,32.648666,38.828333,10.284333,12.616,13.108333
530,14.136,32.604666,38.822,10.269666,12.649333,13.089666
531,14.063666,32.537333,38.837,10.270333,12.688666,13.102666
532,14.057666,32.504,38.800999,10.261666,12.679333,13.070666
533,14.033333,32.376333,38.786333,10.241666,12.644666,13.013
534,14.054666,32.285333,38.722333,10.226,12.645,12.962333
535,14.036666,32.279333,38.686333,10.235333,12.677666,12.962
536,14.05,32.333,38.590666,10.253,12.697,12.971666
537,14.021666,32.341333,38.503333,10.246,12.672333,13.002
538,13.998666,32.307,38.354,10.257333,12.663666,13.026333
539,13.972666,32.263,38.335,10.257666,12.652,13.045
540,13.985333,32.208333,38.369666,10.272333,12.670333,13.056333
541,13.971,32.15,38.423666,10.269,12.686666,13.048
542,13.930333,32.056333,38.398333,10.279,12.688,13.060333
543,13.889666,32.004666,38.316666,10.3,12.664333,13.038666
544,13.887666,32.001,38.271,10.290666,12.635333,13.022333
545,13.905,32.034666,38.284,10.244333,12.624333,13.026666
546,13.894,32.054333,38.323666,10.198666,12.628666,13.005
547,13.868666,31.974,38.307666,10.206666,12.636333,12.988666
548,13.852,31.882333,38.215,10.26,12.619333,12.961666
549,13.855333,31.829,38.134666,10.286666,12.587666,12.948
550,13.849333,31.829666,38.089,10.275333,12.602333,12.947666
551,13.846333,31.763,38.107666,10.235333,12.635,12.936333
552,13.818666,31.674,38.086333,10.228,12.638333,12.981333
553,13.797666,31.611333,38.029,10.262333,12.615333,12.996
554,13.783666,31.587666,37.925333,10.265333,12.592333,13.019333
555,13.79,31.574666,37.861333,10.269333,12.582,12.994666
556,13.802333,31.546,37.826666,10.220666,12.558,13.006
557,13.774333,31.509333,37.871333,10.222666,12.552666,12.993333
558,13.689333,31.411666,37.875,10.243333,12.579333,13.072
559,13.665666,31.354,37.883,10.237,12.588333,13.001
560,13.701,31.341333,37.794666,10.210333,12.598666,12.993
561,13.738333,31.310333,37.713666,10.175333,12.591333,12.912
562,13.707666,31.295333,37.686666,10.200333,12.626,12.932666
563,13.658666,31.243666,37.664666,10.212,12.631333,12.896
564,13.648,31.237666,37.655,10.212666,12.639333,12.902333
565,13.674,31.155333,37.636666,10.191333,12.607666,12.912333
566,13.654333,31.070333,37.606333,10.218666,12.592,12.898666
567,13.652333,31.016333,37.524333,10.230666,12.566,12.857666
568,13.622,31.015333,37.392666,10.266333,12.548,12.849333
569,13.635666,31.018666,37.333,10.269333,12.559,12.890666
570,13.622333,30.985333,37.317333,10.261666,12.582333,12.914333
571,13.619,30.933333,37.341666,10.240333,12.602,12.932666
572,13.617,30.891333,37.337333,10.211666,12.583,12.929666
573,13.616,30.871333,37.304333,10.183666,12.579333,12.921
574,13.591333,30.874,37.213666,10.167666,12.584666,12.907
575,13.555666,30.885,37.126666,10.175,12.573,12.903333
576,13.549666,30.873,37.100333,10.198333,12.546333,12.934333
577,13.566666,30.813666,37.095666,10.216333,12.527666,12.968666
578,13.583,30.746,37.066999,10.218333,12.543,12.952666
579,13.566666,30.714333,36.985333,10.212,12.571333,12.906666
580,13.494333,30.680333,36.913666,10.206333,12.591666,12.885
581,13.430666,30.666,36.828,10.192333,12.588,12.880333
582,13.414333,30.643,36.752,10.171,12.574,12.908333
583,13.454,30.586333,36.69,10.155666,12.566666,12.889666
584,13.503,30.538666,36.669,10.134666,12.569333,12.865666
585,13.515,30.518666,36.721,10.147666,12.558666,12.851333
586,13.491,30.508,36.731333,10.129,12.539666,12.805333
587,13.444333,30.424,36.717,10.167,12.533666,12.819666
588,13.380333,30.351333,36.627999,10.144666,12.522,12.792
589,13.347333,30.342333,36.62,10.148,12.522,12.840666
590,13.332,30.423666,36.598666,10.109,12.516,12.841
591,13.325333,30.372,36.544666,10.115333,12.547666,12.847666
592,13.35,30.306666,36.49,10.116666,12.551333,12.822
593,13.328666,30.17,36.453,10.136,12.551666,12.83
594,13.344,30.167,36.501,10.166666,12.511333,12.827666
595,13.312666,30.141,36.488666,10.163333,12.506333,12.845
596,13.284666,30.138666,36.412666,10.164666,12.507666,12.828666
597,13.279333,30.068,36.311333,10.139333,12.500333,12.82
598,13.28,30.017333,36.241666,10.176333,12.492333,12.792666
599,13.283666,30.007666,36.243333,10.188,12.494666,12.787333
600,13.291333,29.98,36.225666,10.179333,12.527,12.799333
601,13.345,29.9,36.178,10.115,12.546,12.829
