,1.28 Trial 1,1.28 Trial 2,1.28 Trial 3,1.28-Triton Trial 1,1.28-Triton Trial 2,1.28-Triton Trial 3
Time,Intensity,Intensity,Intensity,Intensity,Intensity,Intensity
1,356.066,352.922,360.357,201.187,221.009,210.484
2,353.864,351.720333,358.701,197.163333,218.931333,207.328666
3,352.042666,350.551666,357.224,193.021666,217.052333,204.014666
4,350.283999,349.242,355.848,189.077666,215.120333,200.641
5,348.770666,348.052666,354.845666,185.42,213.348,197.467333
6,347.134666,346.822333,353.429666,181.968333,211.303,194.611333
7,345.603333,345.779333,351.937,178.356333,209.379666,191.928666
8,344.002666,344.479333,350.274,174.994,207.709666,189.221666
9,342.369,343.373666,348.731,171.592333,206.147666,186.692333
10,340.820333,342.109,346.946333,168.263,204.313333,184.222333
11,339.353666,341.014333,345.292666,164.994333,202.326,181.755666
12,337.700333,339.923666,343.910333,161.841666,200.342,179.092666
13,335.959666,338.987666,342.879333,158.792666,198.474,176.546666
14,334.176333,338.036333,342.024,155.770333,196.489333,174.322333
15,332.672666,337.033666,340.991,152.782333,194.546,172.136
16,331.394333,336.167,339.717333,149.76,192.711333,169.775333
17,330.144,335.333666,338.284666,146.824333,190.949666,167.309
18,328.773333,334.441666,336.916333,144.041,189.242,164.989
19,327.323333,333.624,335.714,141.294666,187.598333,162.802333
20,325.976333,332.975,334.518,138.618,186.028333,160.543333
21,324.717333,332.482666,333.388333,136.002666,184.362666,158.270333
22,323.694333,332.002333,332.408,133.383666,182.607666,155.980666
23,322.794,331.640333,331.468666,130.789,180.903,153.856
24,321.838999,331.434333,330.568,128.209333,179.423666,151.758666
25,320.602,331.257,329.625666,125.772666,177.838,149.760333
26,319.251333,331.089333,328.496666,123.405,176.425333,147.805
27,318.1,331.068,327.53,121.118,174.828666,145.755
28,317.126333,331.195333,326.495333,118.801333,173.425666,143.78
29,316.166333,331.221666,325.460666,116.570666,171.935666,141.867
30,315.085,330.846666,324.246333,114.312666,170.427333,139.923666
31,313.825,330.212,323.150666,112.137333,168.873333,138.086333
32,312.613333,329.477333,322.508333,110.056333,167.347333,136.1
33,311.513333,328.908333,321.769333,107.917,165.853666,134.406333
34,310.558333,328.489,320.991333,105.887666,164.562,132.595333
35,309.786333,328.487666,320.097,103.870666,163.121666,130.866666
36,308.839,328.205666,319.125,102.135,161.809666,129.109
37,308.002333,327.652333,318.000333,100.340666,160.299,127.473666
38,306.982666,326.83,316.738,98.476333,158.855333,125.944666
39,306.217,326.156,315.926333,96.447666,157.255,124.262
40,305.260666,325.452666,315.291333,94.538999,155.911,122.56
41,304.404333,324.502,314.540666,92.811333,154.583,120.795
42,303.591,323.498333,313.498,91.229999,153.395666,119.11
43,302.938,322.719333,312.649333,89.681666,152.085,117.461666
44,302.145,321.95,312.073666,87.929999,150.845,115.87
45,301.219666,321.196666,311.478333,86.096333,149.6,114.359
46,300.360666,320.499,310.715,84.359333,148.344,112.826
47,299.657,320.038333,309.992,82.863666,147.031,111.340666
48,299.027,319.556666,309.442666,81.474333,145.716,109.874666
49,298.393666,318.726333,308.903,80.057333,144.488,108.425
50,297.709333,317.748333,308.112333,78.633,143.284666,107.051333
51,296.904,316.896333,307.103666,77.215666,142.026666,105.708333
52,296.045,316.137,306.222,75.891666,140.679,104.380333
53,295.312666,315.286333,305.555,74.528333,139.386333,102.999666
54,294.719,314.464333,305.038,73.067666,138.342,101.757333
55,293.984,313.8,304.382666,71.673666,137.296,100.467
56,293.229333,313.165333,303.74,70.280999,136.211333,99.097666
57,292.651666,312.513333,303.169666,69.155666,134.923333,97.746
58,292.115333,311.696666,302.504666,67.904999,133.66,96.557333
59,291.830666,310.938666,301.645,66.723999,132.442333,95.418333
60,291.392333,310.331,300.643999,65.527999,131.21,94.298666
61,290.907,309.832333,300.004666,64.377666,130.003333,93.062666
62,290.064333,309.313333,299.636999,63.176666,128.948666,91.831333
63,289.180333,308.740666,299.337333,61.932333,127.99,90.561333
64,288.639666,307.942,298.697666,60.696666,126.931666,89.229999
65,288.072,307.332333,298.051333,59.587333,125.736666,88.047
66,287.626,306.828666,297.477333,58.560333,124.673666,86.671333
67,286.918,306.652666,296.846,57.577333,123.647,85.640666
68,286.383666,306.214,296.290333,56.605,122.539,84.569666
69,285.722333,305.573,295.679333,55.597666,121.373666,83.723999
70,285.348333,304.835,295.116666,54.693333,120.348666,82.670999
71,284.947333,304.174666,294.401333,53.731666,119.427333,81.649666
72,284.393666,303.452666,293.820333,52.771666,118.506666,80.575333
73,283.690333,302.861666,293.247,51.812666,117.593666,79.569666
74,282.999,302.338,292.724333,50.888333,116.626666,78.571333
75,282.454333,301.798333,292.264666,49.98,115.599,77.583333
76,281.893333,301.198333,291.775666,49.081,114.586,76.562
77,281.357,300.588,291.079666,48.249,113.634333,75.587333
78,281.060333,300.087666,290.368333,47.473666,112.685,74.619333
79,280.850333,299.602,289.888333,46.694333,111.737666,73.619999
80,280.440333,299.014,289.48,45.899333,110.752666,72.626
81,279.796666,298.395666,288.946,45.124,109.770666,71.709333
82,279.058,297.874,288.401333,44.381333,108.865,70.906333
83,278.478333,297.556,288.049666,43.673333,107.947,70.134666
84,278.242333,297.232333,287.880333,42.965666,107.117,69.401666
85,278.187,296.615,287.642,42.210333,106.224333,68.613666
86,278.028666,296.058,287.123,41.504333,105.508,67.709999
87,277.599333,295.416333,286.500333,40.806,104.661,66.853999
88,277.095,294.602333,285.823666,40.207,103.821666,65.993666
89,276.851,293.779,285.536333,39.461,102.878,65.235666
90,276.426666,293.331666,285.140333,38.701666,102.176333,64.353333
91,276.018666,292.750666,284.800666,37.979666,101.373333,63.569666
92,275.356,292.327,284.342333,37.495333,100.52,62.636999
93,275.113333,291.555333,284.056333,37.006,99.611666,61.965999
94,274.735666,291.55,283.494,36.454666,98.767666,61.159
95,274.482666,291.144666,283.130666,35.801666,97.958999,60.589333
96,273.645,290.655666,282.703666,35.140333,97.128,59.820333
97,273.166666,290.129,282.484333,34.596333,96.452,59.15
98,272.911333,289.898333,281.98,34.071,95.703,58.452333
99,273.030666,289.688666,281.532666,33.591333,94.966666,57.739999
100,272.707,289.323333,281.281333,32.985666,94.134999,57.108666
101,272.337,288.734333,280.991333,32.512666,93.350666,56.489
102,271.866666,288.333,280.434333,32.047333,92.580666,55.890333
103,271.490333,287.830666,279.793666,31.64,91.874666,55.225
104,271.078666,287.449333,279.198,31.135666,91.097333,54.502
105,270.775,287.118,278.861,30.641333,90.313999,53.848333
106,270.477666,286.971,278.541333,30.111,89.542,53.261
107,270.100333,286.836666,278.194,29.619333,88.941999,52.702333
108,269.756999,286.465333,277.761666,29.211333,88.281999,52.14
109,269.404,285.866333,277.307,28.846333,87.569333,51.611999
110,269.023666,285.336666,276.881333,28.417333,86.807666,51.125666
111,268.714666,285.007,276.515666,27.933,86.006,50.625666
112,268.467,284.725333,276.260666,27.493666,85.289999,50.113666
113,268.136333,284.385,275.998666,27.097666,84.682333,49.618666
114,267.702333,284.014,275.583666,26.714,84.200999,49.120333
115,267.446666,283.740333,275.110666,26.34,83.633666,48.651
116,267.409666,283.422,274.784666,25.994333,82.911666,48.259333
117,267.280333,283.017666,274.535666,25.676666,82.186333,47.880666
118,266.829333,282.677666,274.335333,25.324333,81.479666,47.421
119,266.311333,282.177333,273.972333,24.983,80.926666,46.893666
120,265.860666,281.855999,273.619333,24.616666,80.447666,46.410333
121,265.572,281.295666,273.224,24.231,79.973333,45.997333
122,265.281,281.184666,272.665666,23.861666,79.307666,45.653
123,265.167,280.810666,272.310666,23.502666,78.643,45.217
124,264.914666,280.703,271.946999,23.196666,77.863,44.830666
125,264.671,280.321666,271.849333,22.914,77.313666,44.344333
126,264.508,279.883666,271.455,22.623,76.648666,44.020333
127,264.239333,279.418333,271.064666,22.336666,76.176999,43.692666
128,264.028666,279.064,270.627666,22.019,75.611999,43.447999
129,263.914333,278.978,270.432333,21.674,75.002333,43.093999
130,263.905999,278.624666,270.208666,21.341333,74.415666,42.657999
131,263.922,278.198,269.901666,21.055,73.795333,42.212666
132,263.441,277.727666,269.538333,20.839666,73.275333,41.917666
133,262.881666,277.535,269.231333,20.612333,72.649333,41.655666
134,262.468,277.162666,269.079,20.337,72.089999,41.419
135,262.248333,276.775333,268.946333,20.080666,71.482,41.025
136,262.28,276.325333,268.612333,19.843333,70.966666,40.712666
137,261.982666,276.050333,268.268666,19.603,70.494,40.393333
138,261.664666,275.715333,267.962333,19.328,70.041666,40.114
139,261.263666,275.414666,267.768333,19.032666,69.551333,39.836666
140,261.025333,275.2,267.524666,18.774,68.991999,39.584
141,260.960666,274.969333,267.249666,18.551333,68.446,39.356333
142,260.877,274.666666,267.024333,18.355333,67.945,39.094333
143,260.699666,274.336333,266.766,18.178,67.456666,38.809333
144,260.428666,274.069333,266.482666,17.997666,66.986999,38.569999
145,260.329666,273.804666,266.274333,17.821666,66.481333,38.401666
146,260.135666,273.489666,266.137666,17.602333,65.909666,38.217
147,259.899,273.217,265.759,17.371666,65.345999,38.009666
148,259.522666,272.913666,265.423,17.167333,64.759666,37.761666
149,259.262666,272.732666,265.026,16.951666,64.258666,37.568
150,258.929,272.596333,264.860666,16.752666,63.781666,37.372
151,258.816666,272.447333,264.797333,16.545666,63.315666,37.155666
152,258.530999,272.125,264.717333,16.369333,62.887333,36.832666
153,258.352333,271.680666,264.491333,16.215,62.38,36.652666
154,258.110333,271.301,264.237333,16.012666,61.939666,36.445
155,258.274333,270.816666,263.965,15.815,61.438,36.361333
156,258.252333,270.762,263.978,15.648333,61.101333,36.200999
157,258.071,270.598,263.534666,15.54,60.688999,36.044333
158,257.417333,270.497,263.289666,15.458,60.331,35.834
159,257.117,269.851666,262.956666,15.343,59.796666,35.577
160,257.014333,269.692333,262.966333,15.240333,59.379666,35.355666
161,257.141333,269.521333,262.822,15.148666,58.943333,35.151666
162,256.851666,269.479333,262.43,15.051666,58.551,34.947666
163,256.538333,268.958,262.067666,14.93,58.065,34.811666
164,256.171,268.640333,261.858666,14.762,57.637333,34.703666
165,256.086333,268.463333,261.746,14.604333,57.254666,34.544333
166,255.905,268.423666,261.552666,14.450333,56.845,34.298
167,255.895,268.336333,261.480666,14.332666,56.460666,34.043333
168,255.921,267.934333,261.383666,14.207666,56.071,33.843999
169,255.988,267.444333,261.211333,14.065666,55.697666,33.665666
170,255.901666,267.075333,260.876333,13.916,55.272,33.483
171,255.694333,267.020666,260.651,13.775,54.835333,33.327666
172,255.449666,267.045,260.5,13.655,54.452333,33.188999
173,255.209333,266.898,260.276666,13.548,54.091333,33.024666
174,255.068333,266.622,259.967,13.433666,53.72,32.848666
175,254.963666,266.305,259.611333,13.301,53.322,32.685
176,254.718666,266.107666,259.473,13.165333,52.895666,32.547
177,254.377,266.008,259.487666,13.039333,52.482,32.434333
178,254.256333,265.909333,259.564999,12.918,52.065,32.258
179,254.21,265.640333,259.291666,12.795,51.711666,32.084999
180,254.317,265.498666,258.961,12.680333,51.367999,31.866666
181,254.161,265.374666,258.526333,12.625333,51.079333,31.678333
182,254.169333,265.206333,258.277666,12.583333,50.748333,31.495
183,253.866,264.85,257.995666,12.517333,50.461,31.326666
184,253.636666,264.514333,257.905666,12.423,50.109,31.223666
185,253.401,264.468333,257.816666,12.274666,49.705,31.151
186,253.189666,264.261333,257.541666,12.172666,49.322333,31.039666
187,253.065333,264.240666,257.478666,12.075,48.950666,30.878666
188,252.694666,263.930666,257.064999,11.994333,48.726333,30.632666
189,252.473,263.919,257.143666,11.881333,48.371333,30.474
190,252.288333,263.527666,256.782333,11.779666,48.061666,30.309
191,252.375333,263.223666,256.803333,11.700333,47.711,30.142
192,252.466,262.928666,256.382,11.605333,47.401666,29.966
193,252.378,262.846333,256.111,11.508,47.027666,29.856666
194,252.246333,262.738,255.635333,11.449666,46.614999,29.785666
195,252.081,262.504,255.357333,11.365333,46.29,29.676666
196,251.921666,262.310666,255.248333,11.265666,46.025,29.491666
197,251.621333,262.230333,255.444,11.140333,45.710333,29.323333
198,251.342,262.131,255.575,11.076666,45.338666,29.148333
199,251.130333,261.918,255.281333,11.013666,44.993333,29.017666
200,251.143,261.579,254.725333,10.969,44.722666,28.874
201,251.25,261.473666,254.325333,10.924333,44.474333,28.743666
202,251.186666,261.473333,254.224,10.855,44.213333,28.61
203,250.950333,261.406333,254.212666,10.749,43.932,28.455333
204,250.750333,261.205,254.049333,10.652,43.647,28.278666
205,250.691666,260.823333,253.849,10.616,43.386333,28.113333
206,250.692666,260.548666,253.792666,10.600333,43.130666,27.992
207,250.62,260.457666,253.770666,10.555666,42.846333,27.864666
208,250.376333,260.286333,253.758666,10.463,42.530666,27.739666
209,250.038,260.069666,253.534666,10.332666,42.205666,27.611
210,249.804,259.713666,253.366666,10.237,41.883333,27.531666
211,249.840666,259.710333,253.038,10.165333,41.579,27.418
212,249.829,259.559333,252.863666,10.138666,41.374,27.301333
213,249.558666,259.318666,252.717,10.088,41.091333,27.173
214,249.238666,259.035666,252.697333,10.007,40.871666,27.056666
215,248.969666,259.014666,252.575666,9.960333,40.511333,26.95
216,248.936333,258.981666,252.380333,9.929333,40.222666,26.821666
217,248.830333,258.871666,252.405666,9.935999,39.957666,26.678333
218,248.787666,258.706666,252.071333,9.901666,39.647,26.578666
219,248.88,258.329333,251.879666,9.877666,39.412666,26.488
220,248.888666,257.98,251.551,9.855,39.064666,26.37
221,248.732,257.609,251.615666,9.819666,38.848333,26.211666
222,248.488333,257.439333,251.385666,9.791,38.59,26.102
223,248.401666,257.158666,251.11,9.755666,38.427333,25.992
224,248.402333,256.965666,250.932333,9.755999,38.270666,25.873
225,248.172666,256.933,250.887333,9.732333,38.123333,25.703666
226,247.957,256.936,250.944666,9.701333,37.908333,25.566333
227,247.734666,256.831666,250.886333,9.640666,37.647333,25.405666
228,247.658,256.653666,250.868,9.583333,37.450333,25.242333
229,247.614333,256.528666,250.659333,9.558,37.217333,25.112
230,247.608666,256.464666,250.412333,9.552,36.963666,25.029
231,247.491666,256.291333,250.144666,9.542999,36.676333,24.933666
232,247.283333,256.126333,249.91,9.501999,36.419333,24.804666
233,247.211,255.934333,249.73,9.456333,36.172,24.677
234,247.209333,255.78,249.572,9.428999,35.921333,24.59
235,247.158333,255.662,249.458333,9.407333,35.666333,24.509
236,247.062,255.517333,249.299333,9.374,35.430666,24.386
237,246.906,255.444,249.077666,9.318,35.243333,24.264333
238,246.787,255.345,248.96,9.242999,35.055666,24.170666
239,246.671,255.232666,248.863333,9.176666,34.914333,24.066666
240,246.488,255.065333,248.814,9.132666,34.678999,23.965666
241,246.415666,254.878666,248.614333,9.103333,34.452333,23.847333
242,246.291666,254.536333,248.687333,9.061333,34.209,23.743666
243,246.157,254.247,248.728333,9.016666,34.003333,23.621
244,245.874333,254.079666,248.604666,8.959333,33.827333,23.487333
245,245.674333,254.129333,248.223,8.865666,33.653,23.406666
246,245.739333,254.182666,247.989333,8.832666,33.392,23.194666
247,245.577666,253.941,247.858666,8.802999,33.104,22.917
248,245.423,253.637,247.725333,8.832,32.818666,22.608666
249,245.334333,253.368,247.462333,8.785,32.630333,22.410666
250,245.419,253.318666,247.597333,8.763,32.502333,22.289
251,245.470666,253.316666,247.648666,8.749666,32.383333,22.195
252,245.314666,253.141,247.529,8.735999,32.238666,22.14
253,245.251,252.829,247.206333,8.704666,32.017,22.070333
254,245.094666,252.755333,246.968666,8.663333,31.751666,21.934333
255,244.947666,252.458333,246.931333,8.624,31.554,21.813
256,244.862666,252.459666,246.839666,8.592,31.432333,21.739
257,244.782,252.178666,246.767666,8.551,31.329666,21.714666
258,244.616666,252.071,246.634333,8.519,31.121666,21.643333
259,244.405,251.861,246.56,8.514333,30.915,21.531
260,244.353333,251.795333,246.503666,8.527666,30.648333,21.441
261,244.333333,251.802333,246.436333,8.533666,30.445,21.339
262,244.280666,251.751666,246.211,8.510333,30.203,21.256666
263,244.154333,251.643333,246.025666,8.476666,30.003,21.147666
264,244.064,251.538333,245.982,8.455333,29.815,21.054
265,244.019333,251.374,245.934333,8.446666,29.649333,20.987
266,243.985666,251.232,245.782666,8.431999,29.548,20.952333
267,243.975333,251.107333,245.601,8.412999,29.423,20.937333
268,243.987333,250.822333,245.449333,8.392999,29.235,20.865
269,244.020333,250.560333,245.218666,8.369666,29.033666,20.762
270,243.932333,250.466,244.957666,8.369666,28.887333,20.665666
271,243.700333,250.544666,244.849,8.360999,28.771666,20.584666
272,243.483666,250.556333,244.73,8.361333,28.578333,20.471333
273,243.376,250.288333,244.665,8.324,28.308,20.350666
274,243.343666,250.017666,244.533666,8.302333,28.08,20.241
275,243.144333,249.944,244.527666,8.293666,27.907,20.183
276,242.921666,249.940333,244.297,8.305,27.73,20.082
277,242.638,249.972666,244.140333,8.298,27.553333,19.981333
278,242.614666,249.715,243.861333,8.289,27.384,19.858
279,242.617333,249.755666,243.721666,8.255666,27.284333,19.796333
280,242.568666,249.662333,243.501,8.240666,27.156666,19.679
281,242.573,249.610333,243.634,8.235333,27.087666,19.607333
282,242.573666,249.170666,243.722333,8.249333,26.946333,19.523
283,242.644,249.018666,243.832666,8.244666,26.798333,19.467333
284,242.492666,248.861666,243.632,8.206,26.620333,19.339333
285,242.475,248.918333,243.439,8.170666,26.468333,19.220333
286,242.420666,248.778,243.140666,8.148666,26.336,19.119666
287,242.303,248.515333,242.882333,8.124333,26.171333,19.071
288,242.169333,248.136333,242.992333,8.087333,26.021,18.984333
289,242.031,247.755333,242.977666,8.059999,25.883,18.886333
290,241.922333,247.645,242.946,8.046333,25.754333,18.779333
291,241.620666,247.614333,242.683,8.046333,25.645,18.715666
292,241.395,247.598333,242.655333,8.033999,25.521666,18.640666
293,241.338333,247.516,242.62,8.006666,25.38,18.548666
294,241.435666,247.443666,242.429,7.980666,25.251,18.476333
295,241.484333,247.407333,242.176333,7.976999,25.119,18.443333
296,241.357333,247.391333,242.049333,7.999666,24.992666,18.378
297,241.207333,247.318666,242.116333,7.993333,24.865,18.278333
298,241.144,247.128333,242.240333,7.946333,24.713333,18.216
299,241.110666,246.980333,242.274,7.922666,24.543333,18.169666
300,241.001333,246.926,242.205,7.931,24.361666,18.102333
301,240.751,246.785666,242.193333,7.953333,24.218,18.019
302,240.601666,246.642666,242.141666,7.928999,24.093,17.926666
303,240.601,246.491333,241.984,7.906,23.953,17.863
304,240.687,246.555666,241.635333,7.866666,23.860333,17.786333
305,240.830666,246.379,241.417666,7.849333,23.770333,17.731
306,240.883666,246.196333,241.329333,7.833333,23.679333,17.644
307,240.848666,246.230333,241.504333,7.830333,23.491,17.597333
308,240.409666,246.35,241.506666,7.792999,23.349666,17.481666
309,240.127333,246.493,241.448666,7.757,23.221,17.405
310,239.945,246.036333,241.298,7.718666,23.161666,17.297666
311,240.019666,245.816,241.27,7.712,23.058,17.2
312,239.814666,245.507333,241.121333,7.713,22.921333,17.072666
313,239.895333,245.310666,241.033,7.701333,22.749666,16.967333
314,239.857666,245.166,240.819333,7.701,22.578,16.910333
315,239.898333,244.899666,240.824666,7.701333,22.443333,16.887
316,239.947666,245.057333,240.708,7.709333,22.336666,16.809666
317,239.886,244.798,240.785666,7.685666,22.255333,16.731333
318,239.777666,244.731,240.613,7.654999,22.153,16.638666
319,239.263666,244.632,240.374,7.648999,22.022,16.542
320,239.007,244.703666,240.199666,7.671333,21.918333,16.497
321,238.920333,244.694,240.241,7.697333,21.813,16.405666
322,239.105,244.452666,240.359333,7.693666,21.723666,16.342333
323,239.275666,244.173,240.351666,7.675666,21.609666,16.260333
324,239.202333,243.965333,240.317666,7.648666,21.538,16.218666
325,239.026,243.95,240.315333,7.628333,21.447333,16.141
326,238.937,244.014333,240.211666,7.629333,21.346333,16.044
327,238.853,244.013666,240.052666,7.632,21.24,15.975
328,238.603333,244.003,239.825,7.628333,21.121333,15.916666
329,238.254,243.976333,239.533333,7.612666,21.004666,15.857
330,238.072666,243.939666,239.339,7.596,20.894666,15.812333
331,238.133,243.884,239.214333,7.604666,20.822333,15.795666
332,238.167,243.626,239.322333,7.589,20.759666,15.757666
333,238.200333,243.377666,239.427333,7.589666,20.730666,15.687
334,238.146666,242.826,239.202333,7.593666,20.695333,15.592333
335,238.183666,242.597666,238.897333,7.605666,20.592,15.557666
336,238.189333,242.507666,238.514333,7.582333,20.435,15.504
337,238.169333,242.717333,238.491,7.532666,20.278333,15.489666
338,237.993666,242.932,238.529666,7.521,20.174333,15.465
339,237.859666,242.776666,238.483333,7.520666,20.053333,15.413666
340,237.692333,242.414,238.488,7.544666,19.987666,15.327
341,237.536333,241.967,238.588666,7.515666,19.900333,15.243666
342,237.528666,242.166,238.663,7.492,19.822666,15.201
343,237.447333,242.331,238.588333,7.483,19.693333,15.166666
344,237.542666,242.381333,238.325,7.498666,19.565333,15.118
345,237.501666,242.080333,238.188,7.514333,19.467666,15.026
346,237.597,241.974,238.150666,7.490666,19.377333,14.942333
347,237.483666,241.829666,238.137666,7.491999,19.258,14.883666
348,237.303666,241.769333,238.120333,7.492999,19.141333,14.849333
349,237.096666,241.660333,238.230666,7.538666,19.001,14.824666
350,237.086333,241.797333,238.232666,7.557333,18.927333,14.759666
351,237.085666,241.848666,238.161333,7.546,18.848,14.703666
352,237.006333,241.765333,237.767333,7.511666,18.801333,14.623666
353,236.783333,241.592,237.455,7.482333,18.756333,14.56
354,236.549333,241.490666,237.381333,7.473666,18.679333,14.506333
355,236.470666,241.432666,237.530333,7.470999,18.573666,14.447
356,236.525,241.380666,237.555333,7.467999,18.453666,14.371333
357,236.581,241.356,237.308,7.474333,18.351666,14.300333
358,236.506,241.34,237.044,7.472666,18.279333,14.245
359,236.295,241.255666,236.931666,7.465666,18.221333,14.191
360,236.061,241.079,236.868666,7.454666,18.187,14.132333
361,235.947333,240.905333,236.789333,7.435,18.156,14.081
362,235.969333,240.773666,236.783,7.426333,18.073,14.035
363,235.962666,240.574,236.858,7.421333,17.971666,13.986333
364,235.963,240.467666,236.755666,7.437,17.859666,13.969666
365,235.998,240.423,236.491666,7.424333,17.803666,13.948
366,236.080666,240.624333,236.453333,7.409333,17.728,13.916
367,236.086666,240.599666,236.314,7.404333,17.678,13.817666
368,235.981333,240.506333,236.343333,7.397333,17.610666,13.729333
369,236.006,240.309333,236.253333,7.413333,17.583333,13.670333
370,236.031666,240.308333,236.283,7.425333,17.483333,13.605666
371,236.087,240.318666,236.113,7.456666,17.366,13.537333
372,235.928666,240.124666,235.937,7.440333,17.256,13.442333
373,235.855,240.144333,235.948333,7.398333,17.185333,13.4
374,235.528,239.974,236.102333,7.384,17.134333,13.337333
375,235.357,240.124666,236.065,7.385666,17.034333,13.273333
376,235.220666,239.891666,236.046333,7.405666,16.978,13.269666
377,235.177666,239.818666,235.807666,7.394333,16.905333,13.226
378,235.155333,239.559333,235.621,7.381333,16.883333,13.193666
379,234.96,239.560666,235.382333,7.366333,16.800666,13.113666
380,235.104333,239.579333,235.286,7.375666,16.721,13.078
381,235.194,239.514666,235.192,7.406666,16.621,13.048333
382,235.219,239.391333,235.034,7.416333,16.525333,12.987333
383,234.916333,239.253333,234.998,7.410333,16.434666,12.962333
384,234.685333,238.977333,234.974,7.380666,16.327333,12.937666
385,234.696333,238.859,234.933666,7.357,16.261666,12.897
386,234.78,238.883666,234.826333,7.337666,16.222666,12.838
387,234.798666,239.026333,234.732,7.326333,16.193333,12.792333
388,234.727333,238.930333,234.695666,7.335333,16.149666,12.781
389,234.603,238.732333,234.638666,7.357333,16.09,12.771
390,234.415666,238.727333,234.537666,7.379333,16.010666,12.739
391,234.219333,238.763333,234.365666,7.390333,15.912333,12.695666
392,234.113333,238.745666,234.229,7.382666,15.840333,12.648333
393,234.027333,238.664,234.255333,7.372,15.806,12.607666
394,233.955333,238.527666,234.139,7.364666,15.759,12.574333
395,234.066333,238.414333,234.131333,7.361666,15.689666,12.54
396,234.155333,238.344666,234.05,7.362666,15.621333,12.520666
397,234.236333,238.351333,234.115666,7.354333,15.59,12.485666
398,234.077333,238.262666,234.035666,7.349666,15.564,12.485333
399,234.018333,237.943666,233.850333,7.348,15.541333,12.424333
400,233.919,237.784,233.602,7.367,15.503666,12.358
401,233.876666,237.853,233.577,7.374,15.497666,12.275666
402,233.945333,238.026333,233.529,7.377333,15.462,12.262
403,233.824,238.112333,233.564666,7.356999,15.383333,12.227333
404,233.657,237.819666,233.398,7.364666,15.299333,12.217666
405,233.613,237.78,233.265,7.366333,15.208333,12.137333
406,233.697,237.346,233.079,7.353666,15.184,12.106
407,233.738666,237.473,233.033333,7.343333,15.131,12.061666
408,233.429,237.280666,233.061333,7.349666,15.131333,12.085
409,233.389333,237.239,233.092666,7.370666,15.085,12.048666
410,233.442333,237.160666,233.040333,7.373333,15.048,11.985
411,233.487666,237.16,232.868666,7.346666,14.991,11.864333
412,233.221,237.272,232.910333,7.336666,14.952333,11.788666
413,233.035666,237.018333,232.779666,7.325666,14.896,11.744333
414,232.993,236.740333,232.745666,7.352333,14.824666,11.746666
415,233.086,236.543666,232.576,7.361999,14.775666,11.742666
416,233.068333,236.602333,232.503333,7.367999,14.741333,11.686666
417,233.036333,236.665666,232.356,7.372333,14.691333,11.602333
418,232.995666,236.639,232.193666,7.378333,14.628666,11.542333
419,233.061333,236.557,232.106666,7.370666,14.574333,11.518
420,233.023666,236.433,232.125,7.351333,14.531666,11.516
421,232.807333,236.268,232.143333,7.341,14.464333,11.505333
422,232.574333,236.069666,232.090666,7.349,14.363666,11.485666
423,232.369666,235.9,232.047,7.371,14.283666,11.474
424,232.382,235.810333,231.933333,7.381333,14.254666,11.453
425,232.443,235.682,231.814333,7.368333,14.256333,11.423
426,232.548333,235.612333,231.71,7.336333,14.246666,11.368333
427,232.548,235.737666,231.673666,7.319666,14.213333,11.323333
428,232.669333,235.856333,231.74,7.315333,14.145666,11.284333
429,232.749666,235.961666,231.768666,7.314,14.087,11.263
430,232.749333,235.803666,231.731,7.319333,14.020666,11.225333
431,232.576666,235.577,231.706,7.347333,13.967333,11.166333
432,232.386666,235.240333,231.643,7.364666,13.933,11.11
433,232.143333,234.865,231.590333,7.348333,13.852,11.106333
434,231.896666,234.831666,231.572666,7.337,13.802,11.098333
435,231.925666,234.867666,231.355,7.338666,13.751666,11.081666
436,231.89,235.026333,231.261,7.352,13.748666,11.016333
437,231.916,235.176,231.062333,7.35,13.691333,10.974333
438,231.731333,235.073,231.05,7.330666,13.610666,10.970333
439,231.679333,235.164666,231.062666,7.328333,13.516666,10.959
440,231.606,234.904666,230.954666,7.334,13.530666,10.951
441,231.488333,234.821666,230.912666,7.355,13.532,10.89
442,231.528666,234.569,230.904666,7.358333,13.519333,10.846666
443,231.477,234.433333,230.877,7.330666,13.416333,10.837333
444,231.481333,234.417666,230.784666,7.315,13.318,10.821333
445,231.434333,234.392333,230.544666,7.318666,13.259666,10.775666
446,231.339,234.237,230.576333,7.332333,13.236333,10.697666
447,231.109,234.081666,230.676666,7.336666,13.211,10.657333
448,230.965333,234.067,230.709333,7.328333,13.181,10.638333
449,230.913,234.139666,230.616666,7.319999,13.145666,10.603333
450,231.077,234.078,230.452666,7.315333,13.12,10.554666
451,231.171666,233.905666,230.353,7.315333,13.099333,10.499333
452,231.032333,233.826,230.261,7.311999,13.067666,10.46
453,230.836333,233.821333,230.109333,7.302666,13.012333,10.452
454,230.740333,233.713333,229.995333,7.293,12.947666,10.451
455,230.888333,233.563,229.944,7.287333,12.902666,10.426666
456,230.847333,233.628666,229.975666,7.296666,12.873333,10.367333
457,230.841666,233.706,229.94,7.314,12.873666,10.334
458,230.794,233.622,229.870666,7.310333,12.850333,10.326
459,231.039333,233.239,229.829,7.295333,12.843,10.328333
460,230.974,233.203666,229.792666,7.295,12.792666,10.321666
461,230.87,233.108,229.831333,7.339,12.760333,10.312666
462,230.541666,233.071666,229.771666,7.374,12.728666,10.29
463,230.313,232.858666,229.704666,7.371333,12.718666,10.252666
464,230.205,232.823,229.497,7.356999,12.687333,10.212666
465,230.291333,232.809333,229.482333,7.350666,12.629666,10.219
466,230.312666,232.550333,229.255333,7.349666,12.615,10.202333
467,230.510666,232.39,228.997666,7.336333,12.585,10.207666
468,230.319333,232.268,228.974333,7.336666,12.567333,10.178666
469,230.48,232.325333,229.324333,7.331,12.527666,10.143666
470,230.312,232.438666,229.461333,7.342666,12.482,10.105
471,230.275666,232.547333,229.308,7.337,12.437333,10.081666
472,230.040666,232.476,229.106,7.347999,12.371,10.111
473,229.883,232.287,229.162666,7.334333,12.381666,10.114666
474,229.868,232.367333,229.055666,7.339,12.392666,10.096
475,229.853333,232.434666,228.882333,7.357666,12.365666,10.066
476,229.773666,232.352333,228.804,7.385333,12.287666,10.053333
477,229.685666,232.053666,228.92,7.384999,12.223666,10.051333
478,229.587333,231.842333,228.930333,7.385666,12.210333,10.039333
479,229.393666,231.792333,228.872,7.378333,12.211333,10.014333
480,229.263,231.779333,228.716333,7.373,12.197666,9.992666
481,229.151666,231.858,228.695333,7.354666,12.165333,9.976333
482,229.174333,231.852666,228.719333,7.336333,12.112666,9.966666
483,229.201333,231.75,228.684666,7.333666,12.043333,9.956
484,229.104,231.664666,228.588666,7.333,11.982,9.949333
485,229.107333,231.485,228.358333,7.332999,11.942333,9.952
486,229.057666,231.250333,228.215666,7.331333,11.913,9.935333
487,229.074333,231.009666,228.078666,7.322,11.888333,9.91
488,229.124666,231.049666,228.086333,7.316666,11.856333,9.885333
489,229.047333,231.148666,228.150666,7.317,11.831333,9.873
490,229.074666,231.212333,228.243666,7.325666,11.823666,9.882999
491,228.776666,231.124,228.191666,7.325666,11.804333,9.876333
492,228.709333,231.21,228.122333,7.297666,11.749,9.864666
493,228.523,231.200333,228.091666,7.281666,11.688,9.837333
494,228.421666,231.171,227.746,7.308333,11.647666,9.819333
495,228.294333,231.105666,227.699,7.354666,11.642666,9.812333
496,228.087,230.916333,227.748333,7.38,11.622333,9.797666
497,228.233333,230.927,228.149666,7.386666,11.603333,9.788666
498,228.366,230.550333,228.222,7.359666,11.583,9.773999
499,228.436666,230.629,228.009666,7.343666,11.561333,9.761333
500,228.333666,230.627666,227.707333,7.310666,11.500333,9.752666
501,228.17,230.552,227.62,7.315333,11.475666,9.721333
502,228.234333,230.456333,227.524,7.323,11.476333,9.710333
503,228.077333,230.189666,227.590666,7.32,11.48,9.702999
504,228.079666,230.383333,227.492333,7.312666,11.465333,9.731666
505,228.237666,230.446,227.473333,7.302666,11.419,9.759333
506,228.294666,230.509666,227.405333,7.308333,11.382666,9.788333
507,228.069666,230.255333,227.356333,7.314333,11.323333,9.808333
508,227.737666,229.818333,227.375666,7.316,11.290666,9.822333
509,227.633666,229.583666,227.343333,7.316666,11.253333,9.815333
510,227.64,229.645333,227.190333,7.335,11.234333,9.794333
511,227.616666,229.846333,227.084,7.344,11.217666,9.770333
512,227.643333,229.946,226.989666,7.352666,11.231,9.750666
513,227.597666,229.875,226.926666,7.360666,11.222666,9.736333
514,227.425,229.656333,226.839333,7.366,11.181666,9.722333
515,227.327333,229.442333,226.706333,7.369,11.164,9.706666
516,227.405333,229.451333,226.636666,7.358,11.152333,9.698333
517,227.538,229.551,226.520666,7.358,11.127,9.693333
518,227.544,229.506666,226.557,7.375666,11.072333,9.670666
519,227.431333,229.412666,226.687666,7.376333,11.060333,9.650666
520,227.189,229.284333,226.767666,7.370666,11.082,9.640999
521,227.048666,229.325,226.587333,7.356666,11.08,9.669666
522,226.882666,229.361333,226.215,7.354333,11.040666,9.656
523,226.639666,229.419666,225.836666,7.338666,10.990333,9.619999
524,226.684333,229.305,225.878333,7.314666,10.962333,9.579666
525,226.579333,229.104666,225.993666,7.335999,10.929666,9.601999
526,226.486333,229.005666,226.132,7.345333,10.899666,9.599333
527,226.332666,229.002,226.068666,7.377,10.909,9.590999
528,226.375,229.038666,225.933,7.364999,10.857666,9.534
529,226.522,228.947,226.06,7.365333,10.827333,9.492333
530,226.687,228.816333,225.952333,7.377,10.78,9.481999
531,226.653,228.792333,225.966333,7.353333,10.782333,9.501999
532,226.588333,228.769,225.838,7.356333,10.751,9.475333
533,226.212666,228.734333,225.871666,7.348333,10.670666,9.440333
534,226.112333,228.641,225.789666,7.351999,10.646666,9.400666
535,226.102666,228.566,225.69,7.35,10.641333,9.434333
536,226.188333,228.519,225.674666,7.338333,10.666333,9.433666
537,226.11,228.406,225.661,7.352,10.638,9.376666
538,226.060333,228.359333,225.462666,7.344,10.607666,9.290666
539,225.972666,228.325333,225.327666,7.344666,10.541,9.245333
540,225.952333,228.205666,225.325333,7.345333,10.492333,9.280666
541,225.843333,228.033333,225.394,7.347666,10.468,9.315333
542,225.703333,227.853666,225.319333,7.344333,10.468333,9.306999
543,225.475666,227.855,225.065666,7.346333,10.473333,9.289333
544,225.241333,228.042666,224.939666,7.358,10.463,9.273
545,225.193,228.207,225.014333,7.358666,10.451,9.246666
546,225.298,228.182666,225.088333,7.345666,10.433,9.214
547,225.360333,228.005,225.045666,7.335999,10.400666,9.196
548,225.254,227.847,224.832333,7.340666,10.374,9.196333
549,225.149333,227.697,224.691,7.359333,10.349333,9.165333
550,225.120333,227.518333,224.663,7.379999,10.324666,9.117333
551,225.189333,227.376,224.564666,7.381333,10.303333,9.093999
552,225.305,227.482666,224.602,7.365666,10.281666,9.096333
553,225.354,227.477,224.647333,7.349666,10.284333,9.108333
554,225.168333,227.495333,224.737333,7.346333,10.270666,9.090333
555,224.966,227.385333,224.65,7.351666,10.251333,9.087666
556,225.038666,227.358666,224.424666,7.343999,10.215333,9.053666
557,225.217666,227.292333,224.440666,7.357333,10.174,9.036666
558,225.095666,227.361,224.441666,7.359333,10.160666,9.019333
559,224.876,227.223333,224.382,7.364333,10.115,9.033666
560,224.554,227.019666,224.161333,7.350666,10.114666,9.026
561,224.608,226.635333,223.996,7.356666,10.105333,8.989333
562,224.545,226.566333,224.031,7.347,10.133666,8.991666
563,224.556333,226.655,224.013333,7.356666,10.153333,9.000666
564,224.551666,226.731,223.935,7.347,10.144666,9.027999
565,224.591,226.767666,223.856666,7.374333,10.122666,9.020333
566,224.726,226.571,223.902333,7.379666,10.095333,9.007666
567,224.784666,226.460666,223.913666,7.391999,10.083666,8.972
568,224.747333,226.521666,223.831333,7.379333,10.078333,8.969333
569,224.657666,226.684666,223.672666,7.372,10.067666,8.971
570,224.459333,226.744333,223.706666,7.359666,10.059333,8.973333
571,224.42,226.51,223.721333,7.347,10.046,8.949
572,224.438,226.283333,223.640333,7.340999,10.025666,8.932
573,224.383,226.011333,223.437333,7.354333,10.007666,8.933999
574,224.196333,225.825666,223.160666,7.365333,10.002333,8.932666
575,223.996,225.728,223.000333,7.35,10.005333,8.928333
576,224.033,225.779,223.001333,7.325666,10.001,8.924666
577,224.161666,226.043333,223.087666,7.318,9.990333,8.907999
578,224.03,226.238,223.185,7.327333,9.981333,8.882666
579,223.729666,226.223333,223.216666,7.345999,9.971666,8.885
580,223.485333,225.934666,223.242666,7.364999,9.960666,8.904
581,223.498666,225.747,222.986,7.360666,9.952333,8.901999
582,223.515666,225.636,222.706,7.348333,9.952999,8.891666
583,223.381333,225.696,222.610333,7.350333,9.947666,8.874
584,223.402333,225.639,222.668666,7.353333,9.940999,8.878333
585,223.415,225.455333,222.696,7.358666,9.933333,8.886999
586,223.555,225.397,222.673666,7.335666,9.921666,8.895999
587,223.257666,225.260666,222.821333,7.341666,9.896333,8.890333
588,223.323,225.471666,222.845333,7.345,9.905999,8.859666
589,223.319666,225.426666,222.639,7.364666,9.910666,8.826666
590,223.408,225.326666,222.362,7.364666,9.923666,8.848333
591,223.255,225.127333,222.162333,7.363,9.888,8.829666
592,223.088333,224.916666,222.160666,7.343333,9.878666,8.835
593,223.162666,225.008666,222.316,7.347666,9.883333,8.814
594,223.087333,225.079333,222.310666,7.361,9.902999,8.827
595,223.173333,225.043666,222.395666,7.365666,9.871,8.833666
596,223.062666,224.900333,222.114333,7.369999,9.832666,8.817666
597,222.958,224.742666,222.291333,7.356333,9.807999,8.813333
598,222.706333,224.708333,222.191,7.369,9.825666,8.806666
599,222.836,224.690333,222.267666,7.373,9.833,8.802666
600,222.909333,224.625666,222.134,7.374666,9.821333,8.807666
601,222.916,224.572,222.16,7.359,9.802,8.818
