,31 Trial 1,31 Trial 2 ,31 Trial 3,31 Triton Trial 1,31 Triton Trial 2 ,31 Triton Trial 3
Time ,Intensity ,Intensity,Intensity,Intensity ,Intensity,Intensity
1,52.082999,79.803,48.506,95.304,65.905,79.755
2,48.437666,77.849333,46.009333,91.979333,63.179333,76.676666
3,45.079999,75.929,43.689333,88.884999,60.633666,73.661
4,42.095666,74.096333,41.593,85.958666,58.373,70.774
5,39.343,72.202666,39.662,83.005333,56.263333,67.834
6,36.888666,70.255,37.86,80.081333,54.343666,65.094666
7,34.695333,68.439666,36.192666,77.344666,52.449333,62.425666
8,32.688999,66.822666,34.642,74.802333,50.598333,60.014333
9,30.812333,65.42,33.171333,72.318666,48.730999,57.758666
10,29.090666,63.923666,31.826666,69.903,47.011333,55.736666
11,27.579333,62.387999,30.551333,67.520666,45.411666,53.729333
12,26.263,60.919333,29.392666,65.292666,43.893,51.812666
13,25.077,59.652666,28.314333,63.169333,42.439666,50.022
14,24.002,58.523333,27.353666,61.127,41.108,48.337
15,22.995,57.470666,26.466,59.168333,39.837333,46.741
16,22.070333,56.423666,25.623666,57.292333,38.557333,45.232666
17,21.223333,55.384333,24.824666,55.507,37.333333,43.774666
18,20.451333,54.409666,24.064,53.831,36.273,42.363666
19,19.776333,53.509666,23.344,52.268333,35.315666,41.031666
20,19.179666,52.646333,22.666,50.754666,34.343333,39.779333
21,18.629333,51.777333,22.053333,49.201666,33.376,38.567
22,18.099,50.943333,21.472333,47.636,32.436666,37.324666
23,17.62,50.173333,20.888666,46.223,31.568,36.232
24,17.219666,49.501,20.397333,44.98,30.705666,35.233333
25,16.84,48.813333,19.968333,43.770666,29.961666,34.301666
26,16.473333,48.286666,19.605333,42.531333,29.160666,33.397666
27,16.163666,47.71,19.220666,41.29,28.447333,32.448333
28,15.912,47.179333,18.825,40.161666,27.663,31.654666
29,15.699666,46.487333,18.469,39.105666,27.012666,30.818
30,15.420333,45.855333,18.082666,38.082666,26.385,30.061333
31,15.212666,45.320666,17.751666,37.107333,25.811333,29.231666
32,15.001666,44.848333,17.426666,36.179333,25.286,28.505333
33,14.861333,44.405666,17.199333,35.293,24.806666,27.846333
34,14.663333,43.897333,16.943,34.391,24.301666,27.223333
35,14.517666,43.395999,16.712333,33.496666,23.760666,26.651666
36,14.372666,42.988,16.414,32.690666,23.244666,26.071
37,14.287333,42.61,16.182,31.912666,22.783666,25.583
38,14.161666,42.21,15.937666,31.177666,22.398666,25.076666
39,14.044666,41.733999,15.763333,30.461666,21.971333,24.6
40,13.937666,41.338333,15.591333,29.797666,21.596666,24.122666
41,13.868666,41.025,15.45,29.120333,21.220333,23.647
42,13.783,40.717,15.311333,28.385,20.876333,23.211666
43,13.704,40.356333,15.177666,27.655666,20.555666,22.795666
44,13.617666,40.007666,15.075666,27.001,20.226333,22.394
45,13.547333,39.692333,14.994,26.465,19.906666,22.039333
46,13.473666,39.392666,14.917666,25.969333,19.586666,21.686
47,13.402666,39.057666,14.823,25.503333,19.291333,21.338
48,13.339,38.751333,14.710333,25.055,19.015333,20.989666
49,13.253333,38.480333,14.591666,24.631333,18.732333,20.649666
50,13.181333,38.177333,14.471333,24.199666,18.455333,20.357
51,13.157,37.848,14.359,23.717666,18.184,20.105666
52,13.110666,37.513333,14.252,23.279333,17.925333,19.868
53,13.039333,37.242666,14.150333,22.845333,17.705333,19.609666
54,12.953333,36.938999,14.057666,22.484333,17.504333,19.335333
55,12.888666,36.704333,13.989333,22.113,17.347,19.066666
56,12.876666,36.462666,13.919,21.737666,17.162333,18.816333
57,12.815666,36.262333,13.833666,21.307,16.982666,18.519
58,12.742,36.007333,13.758666,20.890666,16.792333,18.259333
59,12.684333,35.822333,13.688333,20.521666,16.592666,18.02
60,12.677333,35.652333,13.633333,20.252,16.410666,17.862333
61,12.687333,35.553666,13.577666,19.955666,16.239,17.684666
62,12.629333,35.362,13.524666,19.671666,16.065333,17.533
63,12.592666,35.225666,13.457333,19.37,15.897333,17.37
64,12.541333,35.041666,13.41,19.148333,15.720333,17.248333
65,12.560333,34.922333,13.364333,18.899333,15.592666,17.051333
66,12.534666,34.856666,13.336666,18.607333,15.442333,16.846666
67,12.557,34.743333,13.291333,18.297333,15.322,16.636333
68,12.525666,34.645333,13.251666,18.042,15.208,16.507
69,12.493,34.496333,13.218666,17.859333,15.117333,16.407333
70,12.459666,34.404,13.159666,17.686333,15.032333,16.288
71,12.446666,34.358666,13.112333,17.539666,14.951666,16.186666
72,12.44,34.247,13.044,17.355666,14.893666,16.095
73,12.42,34.126,13.011,17.143,14.836666,15.992333
74,12.398666,33.914666,12.972666,16.907333,14.764,15.855666
75,12.401666,33.703,12.945666,16.702666,14.690333,15.698
76,12.409666,33.453666,12.882666,16.506666,14.611333,15.597333
77,12.403666,33.243666,12.830666,16.314666,14.540333,15.535333
78,12.390666,33.029333,12.821666,16.134,14.455333,15.459
79,12.382,32.785,12.816333,15.989666,14.355333,15.340333
80,12.375,32.529,12.791666,15.885,14.273,15.221333
81,12.358666,32.287666,12.75,15.826333,14.213333,15.143
82,12.347,32.072,12.712333,15.850666,14.159,15.085
83,12.358333,31.779666,12.706,15.922333,14.086666,15.036
84,12.363666,31.492666,12.707333,15.955333,13.984666,14.985333
85,12.342666,31.269666,12.718,15.859666,13.935333,14.917
86,12.297,31.15,12.686666,15.668,13.888666,14.844333
87,12.278,31.101666,12.661666,15.489,13.840333,14.748333
88,12.276333,30.996,12.634666,15.354333,13.744333,14.688666
89,12.280666,30.932,12.632666,15.237333,13.68,14.652
90,12.274,30.868666,12.603666,15.123333,13.65,14.676
91,12.265,30.889333,12.562666,15.024666,13.632,14.677333
92,12.227333,30.904333,12.530333,14.939666,13.585666,14.63
93,12.213333,30.826666,12.534666,14.870333,13.502,14.552666
94,12.191666,30.719666,12.537,14.815333,13.426,14.470333
95,12.210666,30.529333,12.551666,14.782333,13.349333,14.404333
96,12.191666,30.354333,12.538333,14.728,13.32,14.336333
97,12.192333,30.119666,12.514333,14.672666,13.270333,14.321333
98,12.181666,29.876666,12.498333,14.581333,13.2,14.284666
99,12.176666,29.634,12.505666,14.503,13.112333,14.222666
100,12.148,29.446333,12.520666,14.402666,13.065666,14.121666
101,12.142,29.299,12.501,14.353333,13.064666,14.059
102,12.146666,29.171666,12.453666,14.274666,13.044,14.053666
103,12.126666,29.042,12.435333,14.206666,13.022666,14.075666
104,12.108333,28.888666,12.418,14.123333,12.982666,14.073333
105,12.099666,28.786666,12.410333,14.114666,12.971333,14.018666
106,12.093333,28.705666,12.388333,14.113,12.942,13.932
107,12.053666,28.641333,12.38,14.092666,12.921666,13.869
108,12.002666,28.548666,12.370333,13.999,12.900666,13.820333
109,11.982,28.452666,12.366666,13.878333,12.877333,13.771
110,11.992666,28.386333,12.355666,13.778333,12.831333,13.728333
111,11.998666,28.327333,12.321666,13.709,12.766,13.705666
112,11.979,28.291,12.294666,13.670666,12.729666,13.686666
113,11.951,28.287,12.290333,13.627,12.734333,13.666333
114,11.937,28.252,12.293666,13.581666,12.741333,13.674666
115,11.954,28.161666,12.298666,13.539333,12.722,13.685666
116,11.957666,28.027,12.285,13.474,12.7,13.682
117,11.948333,27.918333,12.282,13.432,12.675,13.66
118,11.956666,27.813,12.273,13.374,12.663666,13.644
119,11.967,27.722,12.236333,13.373666,12.62,13.605333
120,11.963333,27.658666,12.239,13.329333,12.591,13.550666
121,11.903,27.62,12.242333,13.303333,12.569666,13.551666
122,11.848666,27.57,12.234666,13.246,12.546333,13.571666
123,11.847,27.534333,12.194666,13.207333,12.526333,13.533
124,11.875333,27.499666,12.177666,13.147666,12.524,13.465
125,11.905666,27.488333,12.217,13.08,12.530666,13.435333
126,11.884333,27.453666,12.244666,13.041,12.548666,13.458666
127,11.859,27.424666,12.211,13.019333,12.508,13.468333
128,11.839333,27.397,12.189666,13.018333,12.501333,13.435666
129,11.840333,27.314333,12.174,12.987333,12.468,13.426
130,11.866,27.275666,12.188333,12.936666,12.475666,13.425333
131,11.881,27.225333,12.187666,12.887,12.462,13.408666
132,11.882333,27.239333,12.173,12.862666,12.442666,13.370666
133,11.85,27.143,12.155,12.834,12.411666,13.309
134,11.847666,27.048333,12.129,12.794333,12.379333,13.266666
135,11.863666,26.969,12.136666,12.736333,12.390666,13.23
136,11.905333,26.942666,12.150666,12.705666,12.408,13.208333
137,11.914,26.911333,12.169666,12.667333,12.428333,13.205333
138,11.889,26.883333,12.173,12.613333,12.423666,13.212333
139,11.843,26.87,12.178333,12.57,12.416,13.199
140,11.790666,26.853,12.178,12.553,12.409,13.18
141,11.742,26.788666,12.179666,12.540666,12.416,13.178
142,11.719,26.681333,12.176666,12.517666,12.430333,13.186666
143,11.725,26.600666,12.155,12.497,12.422333,13.193
144,11.736333,26.587,12.134333,12.484666,12.394,13.182666
145,11.746666,26.615333,12.122,12.474333,12.357333,13.149666
146,11.729333,26.634666,12.121333,12.449,12.345,13.123
147,11.717666,26.632,12.121666,12.418,12.361666,13.091666
148,11.713666,26.589666,12.125333,12.405,12.363333,13.090333
149,11.699333,26.580666,12.122333,12.396,12.337333,13.067
150,11.705,26.530666,12.106333,12.396,12.284333,13.042666
151,11.667666,26.511666,12.059333,12.375666,12.248666,13.024
152,11.638,26.474,12.043333,12.357333,12.236333,13.039
153,11.603333,26.41,12.054,12.363666,12.222,13.051
154,11.619666,26.360333,12.087,12.339,12.235,13.001333
155,11.646666,26.326666,12.104333,12.317,12.252,12.965333
156,11.659666,26.365,12.054,12.29,12.289666,12.948
157,11.627666,26.328333,12.061,12.284,12.279333,12.959333
158,11.619666,26.248333,12.062666,12.287333,12.303333,12.937
159,11.607,26.162333,12.074666,12.259,12.29,12.943
160,11.602,26.139666,12.016,12.262,12.315333,12.975666
161,11.629666,26.142333,11.987,12.213666,12.285,12.996666
162,11.625,26.111666,12.001,12.188666,12.278,12.98
163,11.615666,26.124666,12.012333,12.158,12.245666,12.980666
164,11.568666,26.098666,11.993,12.168333,12.246333,12.997666
165,11.581666,26.021,11.994666,12.173,12.246333,12.959333
166,11.589333,25.891666,12.01,12.167666,12.252666,12.923
167,11.576666,25.789666,12.021,12.14,12.238666,12.915
168,11.556333,25.743333,12.005666,12.110333,12.224333,12.954666
169,11.545,25.706666,11.993666,12.069333,12.208333,12.941333
170,11.527,25.694666,11.975,12.044333,12.192,12.907333
171,11.494666,25.666,11.948666,12.044666,12.167666,12.889
172,11.482,25.622333,11.919333,12.053,12.158666,12.899666
173,11.499666,25.583333,11.904333,12.023333,12.183333,12.915666
174,11.52,25.583,11.907,11.956333,12.218666,12.910333
175,11.511666,25.635666,11.907666,11.913333,12.231,12.886
176,11.474333,25.649666,11.907666,11.907666,12.202333,12.826333
177,11.451333,25.634666,11.902,11.935666,12.169333,12.791
178,11.455333,25.548333,11.902,11.961333,12.16,12.796666
179,11.490333,25.460666,11.893333,11.970333,12.150666,12.792333
180,11.490333,25.390666,11.886,11.923333,12.151333,12.767333
181,11.458333,25.358,11.857,11.815,12.129333,12.767333
182,11.431,25.324,11.850333,11.777,12.145666,12.783666
183,11.426,25.322666,11.812666,11.757333,12.148,12.811333
184,11.436666,25.311666,11.853666,11.794333,12.15,12.795
185,11.435666,25.351,11.832333,11.793333,12.127666,12.799333
186,11.430333,25.37,11.84,11.793333,12.121666,12.782
187,11.428333,25.318333,11.771666,11.811333,12.160666,12.76
188,11.407,25.208,11.808333,11.778,12.165333,12.761
189,11.392,25.118333,11.813333,11.778,12.166666,12.751333
190,11.389666,25.087,11.838333,11.741666,12.115666,12.734
191,11.401333,25.067333,11.785333,11.743,12.119,12.712333
192,11.394333,25.039333,11.768666,11.739666,12.112666,12.720333
193,11.382333,25.005666,11.750333,11.732333,12.131,12.734333
194,11.395666,24.970666,11.769666,11.723333,12.127333,12.747
195,11.408,24.935,11.726,11.709666,12.135333,12.76
196,11.405,24.950666,11.704,11.712,12.124,12.781666
197,11.362,24.950333,11.670666,11.696333,12.121333,12.757333
198,11.324666,24.912666,11.694333,11.680666,12.116,12.735666
199,11.315666,24.827,11.691,11.637666,12.095666,12.700333
200,11.323666,24.777,11.663333,11.586666,12.064666,12.694666
201,11.338666,24.749333,11.638,11.538666,12.044333,12.708666
202,11.354666,24.756333,11.623666,11.520666,12.046333,12.736
203,11.357666,24.762333,11.6,11.526333,12.052666,12.764
204,11.335666,24.746,11.558,11.529666,12.043,12.768
205,11.291333,24.704666,11.528,11.524,12.037333,12.753333
206,11.258333,24.631666,11.535333,11.499666,12.039666,12.739333
207,11.268,24.589666,11.564333,11.46,12.023333,12.725666
208,11.288,24.558,11.562666,11.426666,12.033333,12.72
209,11.307666,24.554666,11.544,11.425666,12.055666,12.73
210,11.292666,24.542333,11.523,11.453666,12.081333,12.706666
211,11.266,24.551,11.493666,11.468333,12.067333,12.696
212,11.242333,24.53,11.481,11.475666,12.03,12.648666
213,11.228666,24.518333,11.477666,11.509333,12.021,12.647
214,11.237333,24.464333,11.505,11.499333,12.031,12.689333
215,11.247,24.416333,11.515,11.479333,12.030333,12.720666
216,11.271666,24.298,11.507666,11.420333,12.036,12.73
217,11.305666,24.242333,11.487333,11.413333,12.019,12.699333
218,11.287666,24.205,11.483,11.391333,12.036666,12.659666
219,11.285666,24.171,11.469,11.403333,12.012666,12.640666
220,11.245,24.163333,11.454666,11.413333,12.045333,12.623666
221,11.278,24.092666,11.435,11.426333,12.048666,12.667333
222,11.277333,24.112,11.412333,11.407666,12.067,12.680333
223,11.252333,24.09,11.398666,11.384666,12.036666,12.669
224,11.206333,24.111,11.398,11.376666,12.002666,12.631333
225,11.183,24.116,11.415666,11.369666,12.006,12.641333
226,11.191666,24.128,11.435,11.346,12.006666,12.661
227,11.182333,24.122666,11.426,11.334333,11.989666,12.713333
228,11.162333,24.103666,11.417,11.306,11.967,12.708666
229,11.144333,24.038,11.385666,11.318333,11.975333,12.684666
230,11.138,24.046,11.357,11.326,12.008333,12.648333
231,11.149333,24.048,11.356666,11.318666,12.011333,12.632333
232,11.178333,24.05,11.396666,11.291666,11.990666,12.629666
233,11.202,24.032333,11.408666,11.285,11.987333,12.615333
234,11.196333,24.026,11.378333,11.311,12.003,12.604
235,11.168333,24.020333,11.342333,11.326666,12.009,12.609333
236,11.146333,23.987333,11.318,11.324,11.989333,12.627
237,11.149,23.972333,11.319,11.316333,11.960333,12.647333
238,11.164666,23.955666,11.322666,11.318333,11.944,12.659
239,11.16,23.955,11.329,11.353333,11.925666,12.665666
240,11.146666,23.918666,11.334666,11.371666,11.905333,12.680333
241,11.108333,23.900666,11.319666,11.37,11.927,12.677333
242,11.091666,23.881,11.304,11.32,11.969,12.641
243,11.083333,23.848333,11.256333,11.293666,11.989333,12.606333
244,11.107,23.857666,11.225333,11.309,11.964666,12.606
245,11.118,23.865666,11.233,11.324333,11.961666,12.648
246,11.12,23.842,11.231,11.335666,11.946333,12.647666
247,11.107333,23.844,11.223666,11.299333,11.949333,12.653
248,11.116666,23.793666,11.222,11.262,11.94,12.621333
249,11.112,23.775,11.257666,11.255,11.911,12.618333
250,11.106666,23.697666,11.282,11.270666,11.917,12.591
251,11.098333,23.716666,11.258666,11.296666,11.906,12.596
252,11.088,23.753333,11.253,11.285666,11.944,12.624666
253,11.080333,23.711,11.238333,11.268,11.97,12.641666
254,11.043666,23.644333,11.241666,11.249,11.959666,12.637
255,11.036666,23.562666,11.229333,11.226333,11.928666,12.625333
256,11.047666,23.604666,11.221,11.253,11.875666,12.600666
257,11.081333,23.597,11.211,11.276666,11.860666,12.589
258,11.095,23.596333,11.171,11.305,11.858,12.594333
259,11.081333,23.564666,11.147,11.288,11.846,12.614666
260,11.061,23.55,11.174666,11.266666,11.845,12.623
261,11.046333,23.554333,11.221333,11.278,11.861333,12.598
262,11.047,23.532,11.236666,11.295,11.87,12.598666
263,11.067333,23.526666,11.227,11.300666,11.873333,12.602
264,11.081333,23.51,11.212,11.263666,11.861,12.594666
265,11.069,23.493333,11.191,11.234666,11.848666,12.572333
266,11.045333,23.465,11.153,11.243333,11.852666,12.561666
267,11.033666,23.424,11.112666,11.261666,11.87,12.587333
268,11.041666,23.436666,11.109666,11.268333,11.888333,12.614666
269,11.048,23.465,11.14,11.240333,11.880333,12.625666
270,11.052,23.479333,11.163666,11.232666,11.860333,12.628333
271,11.069333,23.431,11.167,11.247,11.844333,12.636666
272,11.027666,23.335666,11.121666,11.284666,11.839,12.643666
273,10.991,23.304333,11.104666,11.274666,11.843333,12.624333
274,10.972333,23.295333,11.098,11.250666,11.854666,12.622
275,10.996,23.315666,11.091666,11.206,11.829,12.609
276,10.988333,23.270333,11.082666,11.226,11.833666,12.616
277,11.006333,23.239333,11.099666,11.249,11.86,12.61
278,10.994,23.229,11.088,11.265666,11.894,12.608666
279,11.007333,23.244,11.104333,11.289666,11.877666,12.603
280,10.97,23.212666,11.08,11.298,11.832666,12.567666
281,10.945333,23.185666,11.09,11.326,11.851666,12.573
282,10.943333,23.194,11.061666,11.279333,11.88,12.578333
283,10.917666,23.226,11.039666,11.260333,11.896666,12.601333
284,10.923333,23.205333,11.033666,11.224,11.856333,12.607333
285,10.927333,23.180666,11.028666,11.202333,11.828333,12.620333
286,10.944,23.114333,11.042666,11.202666,11.814,12.641
287,10.956666,23.082666,11.050333,11.224,11.833,12.631
288,10.953666,23.011333,11.052333,11.243333,11.841666,12.619666
289,10.976,23.047,11.028666,11.251333,11.832333,12.603
290,10.978666,23.076333,11.017666,11.275666,11.832666,12.596333
291,10.968333,23.067333,11.002,11.297,11.831,12.567666
292,10.935666,23.047666,11.009333,11.282666,11.836333,12.552
293,10.914333,23.065666,11.000333,11.251,11.81,12.549333
294,10.907333,23.082666,10.99,11.244,11.804333,12.561666
295,10.913333,23.034666,10.979666,11.254666,11.823,12.575
296,10.945666,22.980333,10.978333,11.275333,11.838666,12.575333
297,10.99,22.988,10.991666,11.288333,11.825,12.566666
298,11.013333,23.022666,10.991666,11.279333,11.797666,12.563666
299,10.999,23.034,10.974,11.255333,11.797333,12.571333
300,10.963666,23.024333,10.964666,11.231666,11.817666,12.580666
301,10.946666,23.004,10.968,11.230666,11.846666,12.583
302,10.954666,22.965666,10.971333,11.226666,11.82,12.577
303,10.976,22.945333,10.970666,11.223333,11.821333,12.568333
304,10.948333,22.918333,10.946,11.223,11.793,12.576
305,10.909666,22.87,10.951666,11.237333,11.799333,12.569666
306,10.889333,22.886,10.947333,11.266333,11.771333,12.580666
307,10.867333,22.924666,10.933,11.267333,11.777333,12.576
308,10.881,22.917,10.914666,11.239333,11.8,12.586333
309,10.849,22.846,10.923333,11.221666,11.834,12.575
310,10.844666,22.799333,10.948333,11.255,11.850333,12.536333
311,10.842333,22.788333,10.943,11.283,11.849666,12.550333
312,10.858,22.828333,10.955,11.296,11.842333,12.566
313,10.861,22.779666,10.952666,11.285,11.811333,12.576333
314,10.858333,22.799333,10.971,11.290666,11.821,12.575333
315,10.833,22.766333,10.959,11.267666,11.818666,12.557666
316,10.86,22.786333,10.930666,11.249333,11.848666,12.566
317,10.842,22.781666,10.903666,11.254333,11.846666,12.547666
318,10.843333,22.776333,10.844666,11.294,11.834333,12.557
319,10.822333,22.805,10.834666,11.317666,11.822666,12.542333
320,10.807333,22.837666,10.816333,11.305,11.801,12.552666
321,10.823,22.851666,10.831666,11.267333,11.825333,12.571333
322,10.826666,22.799666,10.838,11.252333,11.849333,12.580666
323,10.827,22.74,10.851333,11.257666,11.863666,12.566666
324,10.807666,22.698,10.864333,11.279333,11.825,12.543333
325,10.800333,22.686666,10.867,11.286,11.793,12.540333
326,10.806,22.662333,10.861333,11.292,11.788666,12.535666
327,10.802,22.628333,10.853333,11.305666,11.800333,12.528
328,10.798666,22.627333,10.860666,11.318333,11.800333,12.519
329,10.802333,22.665,10.872,11.333333,11.792333,12.510666
330,10.800666,22.698,10.866666,11.332666,11.813666,12.525
331,10.799333,22.678333,10.852333,11.31,11.830333,12.561
332,10.801333,22.648,10.827666,11.305,11.815666,12.599333
333,10.787,22.634333,10.824666,11.320333,11.774666,12.608666
334,10.78,22.632333,10.817666,11.356666,11.736333,12.588
335,10.772333,22.637,10.791,11.327,11.692666,12.557
336,10.793333,22.638,10.757666,11.311333,11.695,12.550333
337,10.815666,22.651333,10.732333,11.289666,11.693333,12.555
338,10.806666,22.644,10.797666,11.329333,11.702333,12.573666
339,10.789666,22.629,10.805666,11.326,11.720333,12.55
340,10.760333,22.611,10.822,11.354666,11.722666,12.519333
341,10.739333,22.564666,10.794,11.368,11.776666,12.495666
342,10.751666,22.573,10.820666,11.347,11.760333,12.533666
343,10.755333,22.562666,10.84,11.313666,11.767333,12.548666
344,10.770333,22.542,10.852666,11.299666,11.725,12.534666
345,10.751666,22.506666,10.831333,11.312333,11.705333,12.514333
346,10.757666,22.475,10.831333,11.304333,11.679333,12.537333
347,10.765666,22.541666,10.795666,11.296333,11.706333,12.535333
348,10.757333,22.533666,10.792666,11.315666,11.740666,12.521333
349,10.762666,22.51,10.783666,11.329,11.785333,12.492666
350,10.774,22.462333,10.790666,11.325,11.790333,12.502666
351,10.793,22.448,10.779666,11.321666,11.755333,12.489
352,10.793333,22.441,10.745666,11.331333,11.743,12.495333
353,10.785333,22.431333,10.705,11.34,11.744,12.512333
354,10.769666,22.445666,10.693666,11.34,11.783,12.543333
355,10.735333,22.441,10.691666,11.342666,11.779,12.553333
356,10.692,22.418,10.697666,11.351666,11.754666,12.538333
357,10.679666,22.403666,10.690333,11.366666,11.721,12.526666
358,10.707333,22.401333,10.685333,11.366,11.698333,12.531666
359,10.748333,22.387333,10.706,11.344666,11.691333,12.550666
360,10.749666,22.364333,10.723333,11.321333,11.690333,12.552666
361,10.717333,22.366,10.716666,11.313666,11.710666,12.521
362,10.724666,22.384,10.688333,11.326,11.73,12.49
363,10.733666,22.392666,10.645333,11.334666,11.736,12.482333
364,10.736666,22.406,10.646666,11.353666,11.711,12.514333
365,10.700666,22.394,10.659333,11.374666,11.699333,12.537333
366,10.680666,22.377333,10.677666,11.373666,11.685333,12.546333
367,10.696,22.36,10.700666,11.365333,11.699333,12.533666
368,10.698666,22.329333,10.710666,11.365666,11.699333,12.525333
369,10.696333,22.318666,10.709333,11.376666,11.709333,12.507333
370,10.675,22.267333,10.706,11.375333,11.717,12.504
371,10.684666,22.270333,10.682,11.357666,11.702,12.501666
372,10.684333,22.249333,10.692333,11.336333,11.701333,12.542666
373,10.708666,22.316,10.663,11.355,11.687666,12.554666
374,10.706666,22.338,10.649,11.338666,11.671333,12.54
375,10.702,22.352666,10.637666,11.387,11.685666,12.504333
376,10.657,22.332666,10.612666,11.376,11.692,12.503666
377,10.639666,22.353666,10.621,11.393333,11.689666,12.503
378,10.658666,22.355333,10.627333,11.358333,11.656666,12.52
379,10.674333,22.336,10.668333,11.372333,11.669,12.505333
380,10.664,22.293666,10.673,11.375,11.725333,12.513333
381,10.644,22.258666,10.670333,11.397666,11.747333,12.487333
382,10.649333,22.252,10.647666,11.420333,11.738333,12.484333
383,10.642333,22.225333,10.656,11.433,11.705,12.495333
384,10.634666,22.235,10.659333,11.432,11.671333,12.509333
385,10.62,22.241666,10.666666,11.398,11.633333,12.524666
386,10.628,22.275333,10.661666,11.373,11.647333,12.520666
387,10.635333,22.267666,10.643333,11.346666,11.689,12.508
388,10.633,22.234,10.627666,11.342,11.705333,12.498333
389,10.622,22.195666,10.612,11.366333,11.695,12.515
390,10.608666,22.167333,10.600333,11.386333,11.69,12.543666
391,10.604333,22.153333,10.586666,11.392666,11.695,12.542333
392,10.605666,22.143,10.57,11.394,11.691666,12.515
393,10.610333,22.166666,10.576333,11.390333,11.695,12.496666
394,10.612333,22.180666,10.594,11.373,11.699,12.504
395,10.595666,22.200666,10.608333,11.351666,11.670666,12.506
396,10.582666,22.166333,10.581333,11.322333,11.662,12.505666
397,10.576333,22.111666,10.584,11.323333,11.646666,12.498333
398,10.557333,22.069333,10.555,11.331333,11.671,12.498
399,10.549333,22.084666,10.540666,11.392666,11.675333,12.499
400,10.553,22.109333,10.507666,11.417,11.679,12.487
401,10.551,22.101,10.483666,11.408,11.649,12.488
402,10.548,22.065333,10.472666,11.401,11.637333,12.500666
403,10.553666,22.074,10.499666,11.369,11.638,12.52
404,10.562666,22.023,10.547666,11.431333,11.668666,12.528
405,10.58,21.990333,10.575333,11.434333,11.677,12.519666
406,10.524,21.972,10.537333,11.458333,11.660666,12.509333
407,10.53,22.006,10.512666,11.416,11.637,12.494
408,10.499,21.982666,10.522666,11.423,11.652,12.493333
409,10.513666,21.956666,10.525,11.438,11.682333,12.494666
410,10.524,21.967,10.519666,11.433333,11.733,12.521333
411,10.52,21.993333,10.496,11.423333,11.712666,12.530666
412,10.513666,21.983,10.511666,11.392666,11.701,12.513
413,10.491333,21.961333,10.525333,11.391666,11.656,12.477
414,10.500666,21.965333,10.536,11.401333,11.629333,12.441666
415,10.500666,21.969666,10.528666,11.413333,11.618333,12.436
416,10.465333,21.962666,10.516666,11.427333,11.616666,12.447666
417,10.457333,21.963666,10.506666,11.421333,11.640333,12.458
418,10.478666,21.962333,10.491333,11.450333,11.670333,12.468
419,10.5,21.940333,10.473,11.474,11.691,12.467
420,10.482,21.900333,10.443,11.471666,11.686666,12.466666
421,10.449,21.883666,10.402333,11.455333,11.658666,12.475666
422,10.45,21.898666,10.385666,11.433666,11.642,12.489666
423,10.464,21.899,10.397,11.432666,11.637,12.504666
424,10.46,21.877333,10.416333,11.437333,11.624,12.508333
425,10.443,21.862666,10.457,11.434666,11.631333,12.499
426,10.440333,21.867,10.466,11.418333,11.627666,12.486666
427,10.457,21.853,10.481666,11.408666,11.651666,12.476666
428,10.485,21.813333,10.443333,11.404666,11.625333,12.475
429,10.474666,21.820666,10.402333,11.405333,11.625333,12.454666
430,10.47,21.839,10.362,11.409666,11.629666,12.443333
431,10.442333,21.867333,10.377333,11.386333,11.660333,12.446666
432,10.446666,21.848,10.441666,11.412666,11.632,12.455333
433,10.463,21.844,10.444,11.415333,11.612333,12.453333
434,10.482666,21.769666,10.45,11.451,11.579666,12.443666
435,10.481666,21.786666,10.387666,11.418666,11.606666,12.445
436,10.486,21.788,10.430666,11.404,11.599666,12.447666
437,10.504666,21.787333,10.448,11.399,11.623666,12.445
438,10.514666,21.703333,10.478666,11.392,11.611,12.447333
439,10.490333,21.592333,10.462333,11.406666,11.639333,12.472333
440,10.457333,21.581,10.435333,11.398666,11.627333,12.482
441,10.431666,21.614666,10.428,11.435333,11.638,12.501333
442,10.416,21.676,10.420333,11.421666,11.598,12.499666
443,10.398666,21.677,10.417333,11.424,11.596666,12.5
444,10.407,21.611,10.408333,11.428,11.584,12.487333
445,10.407666,21.560333,10.427333,11.434333,11.571,12.476333
446,10.432,21.57,10.432333,11.407333,11.559333,12.476666
447,10.449333,21.605,10.421333,11.354666,11.550666,12.476333
448,10.461666,21.603333,10.376333,11.349,11.557333,12.481666
449,10.450666,21.565,10.337,11.368,11.578333,12.474333
450,10.431,21.518333,10.339666,11.397,11.605333,12.448666
451,10.415,21.472333,10.349333,11.418,11.609666,12.416
452,10.406,21.453333,10.343,11.415333,11.583,12.405
453,10.404333,21.5,10.324,11.396,11.567333,12.409666
454,10.391666,21.607333,10.295666,11.36,11.582333,12.401333
455,10.383333,21.699333,10.292333,11.338333,11.596666,12.401
456,10.399666,21.677,10.319,11.358,11.597,12.418333
457,10.412,21.61,10.348,11.375666,11.579666,12.443333
458,10.417666,21.566333,10.368333,11.394666,11.558666,12.438333
459,10.382333,21.580666,10.334333,11.387,11.545333,12.433333
460,10.359333,21.588,10.329,11.359666,11.571333,12.457666
461,10.349666,21.541666,10.282333,11.353333,11.623,12.472333
462,10.361,21.519,10.296333,11.338,11.627666,12.470333
463,10.337333,21.509666,10.302333,11.343333,11.597,12.433333
464,10.341,21.542,10.363,11.348666,11.550333,12.413333
465,10.335,21.549333,10.356333,11.362333,11.545333,12.398666
466,10.379333,21.57,10.320666,11.380666,11.522,12.400666
467,10.387333,21.551333,10.282333,11.402,11.552,12.425333
468,10.355666,21.55,10.292666,11.393333,11.585,12.443333
469,10.345,21.557666,10.287,11.376333,11.620333,12.48
470,10.339,21.504666,10.271,11.358333,11.592,12.482
471,10.364,21.473666,10.266,11.385333,11.565666,12.459333
472,10.329,21.411666,10.286,11.403,11.592,12.429
473,10.330333,21.458666,10.3,11.400333,11.605666,12.426333
474,10.331666,21.495333,10.281,11.379,11.62,12.453666
475,10.344,21.517,10.261,11.383333,11.597333,12.455666
476,10.321666,21.478666,10.245,11.388,11.592666,12.446666
477,10.332,21.407666,10.223333,11.377,11.583333,12.439333
478,10.346666,21.385333,10.209333,11.353333,11.587666,12.452333
479,10.332666,21.402666,10.229,11.344,11.603,12.451
480,10.305666,21.403666,10.266,11.361666,11.598333,12.433333
481,10.303,21.411,10.277,11.384666,11.571333,12.410333
482,10.319666,21.435666,10.247666,11.388666,11.545666,12.408333
483,10.313,21.441666,10.210333,11.359,11.537333,12.423333
484,10.288666,21.397,10.207,11.323,11.531666,12.425
485,10.281333,21.326666,10.231333,11.314,11.525,12.415333
486,10.285666,21.301666,10.253,11.331333,11.542333,12.407666
487,10.295,21.319333,10.273,11.367,11.575666,12.409
488,10.284,21.357333,10.257666,11.362666,11.591,12.406
489,10.276,21.373,10.252,11.362,11.579333,12.408333
490,10.303333,21.378,10.224333,11.351,11.588,12.411
491,10.309333,21.347333,10.198,11.363,11.599,12.418333
492,10.306,21.338333,10.174333,11.416333,11.597,12.426333
493,10.283666,21.312666,10.16,11.433,11.543333,12.423
494,10.261666,21.288,10.171333,11.397666,11.535333,12.431666
495,10.286,21.299666,10.173666,11.353666,11.532666,12.395333
496,10.284,21.267,10.191333,11.331333,11.556,12.370666
497,10.288666,21.319333,10.229,11.365,11.563333,12.368333
498,10.238666,21.304666,10.250333,11.347666,11.556333,12.392666
499,10.222666,21.299,10.265666,11.342,11.586666,12.406
500,10.211,21.243666,10.254666,11.331666,11.587666,12.389666
501,10.222333,21.242666,10.242666,11.331666,11.604666,12.404
502,10.217333,21.256666,10.217333,11.357,11.562666,12.428666
503,10.232,21.252333,10.183666,11.363666,11.537333,12.443
504,10.228666,21.231,10.161,11.378,11.516666,12.43
505,10.211666,21.247,10.17,11.382,11.546333,12.425666
506,10.186666,21.261,10.175666,11.423333,11.598333,12.435
507,10.18,21.258666,10.165,11.443666,11.627333,12.430666
508,10.188666,21.285333,10.142666,11.441333,11.637,12.415333
509,10.196333,21.287666,10.14,11.412666,11.618333,12.397333
510,10.199333,21.266333,10.159333,11.400333,11.600666,12.392666
511,10.213666,21.234666,10.172666,11.397333,11.580333,12.393666
512,10.220333,21.233666,10.172333,11.399,11.539,12.401333
513,10.196666,21.230333,10.165,11.408333,11.498,12.398666
514,10.167333,21.168,10.161333,11.411333,11.485,12.389333
515,10.167,21.103,10.155666,11.406666,11.508666,12.389333
516,10.176666,21.110666,10.139,11.408333,11.566333,12.394666
517,10.162666,21.162666,10.131,11.410333,11.619333,12.403333
518,10.151333,21.189666,10.132333,11.424,11.617333,12.391
519,10.142333,21.151333,10.142,11.451666,11.594333,12.400666
520,10.146,21.142666,10.127666,11.452666,11.55,12.404
521,10.151,21.154666,10.113666,11.45,11.539333,12.418333
522,10.147666,21.172333,10.102,11.410666,11.529,12.396666
523,10.147333,21.135333,10.109333,11.425,11.534333,12.408666
524,10.128666,21.118333,10.124,11.443,11.543666,12.389666
525,10.141666,21.123666,10.134333,11.453666,11.566666,12.391666
526,10.136,21.144666,10.124666,11.425333,11.554333,12.367
527,10.132333,21.156,10.112333,11.411333,11.588333,12.371
528,10.131333,21.104666,10.098333,11.444333,11.576666,12.376666
529,10.149,21.093,10.108666,11.506333,11.608666,12.376333
530,10.139,21.093,10.103333,11.535666,11.557666,12.391666
531,10.095,21.132333,10.114333,11.531666,11.556,12.401666
532,10.077333,21.119666,10.098333,11.499666,11.512333,12.392666
533,10.083666,21.077333,10.076,11.495333,11.544333,12.380666
534,10.099,21.034333,10.066666,11.496333,11.573333,12.362333
535,10.123,20.988666,10.068666,11.515,11.589333,12.388333
536,10.129,20.965333,10.101,11.506,11.544,12.402333
537,10.146,20.954333,10.108,11.465,11.487333,12.407
538,10.120666,20.982333,10.121666,11.433333,11.449,12.396666
539,10.112,20.996333,10.100666,11.427666,11.433,12.388333
540,10.094333,21.008,10.094666,11.448,11.436,12.397333
541,10.085,20.989,10.082333,11.467,11.474666,12.405666
542,10.089,20.930666,10.065,11.491,11.505666,12.393
543,10.091666,20.891,10.049333,11.510333,11.516666,12.375333
544,10.094666,20.915666,10.047333,11.51,11.521666,12.375333
545,10.099666,20.983333,10.060666,11.508666,11.527333,12.406666
546,10.111333,21.006333,10.069666,11.510666,11.521,12.441333
547,10.124333,20.947666,10.074333,11.507666,11.498666,12.444333
548,10.115666,20.906,10.081666,11.512333,11.493666,12.429
549,10.101333,20.933666,10.079666,11.515333,11.491333,12.407
550,10.090333,20.992666,10.075,11.529,11.467666,12.368333
551,10.078333,20.993333,10.079333,11.525666,11.492666,12.34
552,10.077666,20.963333,10.086666,11.498666,11.554666,12.344666
553,10.085,20.917,10.071666,11.511666,11.608,12.356333
554,10.085,20.973,10.063333,11.513,11.596666,12.366333
555,10.089333,20.941,10.070666,11.534333,11.544,12.342333
556,10.08,20.93,10.073333,11.512666,11.511333,12.358
557,10.091666,20.853,10.050666,11.505,11.498333,12.376333
558,10.078666,20.924666,10.028,11.505,11.532666,12.402
559,10.090666,20.928333,10.044333,11.485333,11.527,12.403666
560,10.091666,20.941,10.065,11.498333,11.545666,12.399
561,10.098666,20.901,10.061333,11.48,11.544333,12.399333
562,10.06,20.922666,10.076,11.530333,11.561666,12.404333
563,10.049,20.923333,10.073666,11.513666,11.539333,12.388333
564,10.038,20.926,10.084666,11.532,11.507666,12.371666
565,10.054333,20.950666,10.083333,11.516,11.51,12.368333
566,10.056666,20.928333,10.095666,11.504,11.488,12.37
567,10.068333,20.871,10.097666,11.485666,11.474333,12.376666
568,10.061,20.781,10.059333,11.457,11.456,12.384
569,10.055666,20.789666,10.043333,11.451666,11.491,12.387333
570,10.057666,20.843666,10.044,11.443666,11.508333,12.384666
571,10.053,20.879666,10.066333,11.463666,11.522333,12.374
572,10.031,20.867666,10.070333,11.482,11.532666,12.382
573,10.011,20.869333,10.061333,11.489,11.563,12.401333
574,10.015666,20.875,10.052666,11.471333,11.579333,12.401666
575,10.033666,20.842333,10.045666,11.461666,11.561,12.390666
576,10.054666,20.786666,10.035333,11.467,11.533,12.384666
577,10.066,20.771333,10.017,11.466,11.513333,12.378
578,10.047,20.805,10.010666,11.468333,11.511666,12.363666
579,10.023333,20.806333,10.034666,11.470666,11.511333,12.342
580,10.029333,20.797333,10.051,11.467666,11.506333,12.330333
581,10.050333,20.801666,10.040333,11.451,11.522666,12.347333
582,10.072666,20.783,10.027333,11.432333,11.516333,12.377
583,10.057666,20.803666,10.004666,11.421333,11.496333,12.375
584,10.073333,20.804666,10.021666,11.422666,11.502333,12.367666
585,10.074,20.799666,9.995333,11.431,11.488,12.351
586,10.057333,20.742,10.003,11.413666,11.502333,12.346666
587,10.025,20.677666,9.978666,11.43,11.491666,12.343333
588,10.007333,20.713,9.984666,11.409,11.512333,12.313666
589,10.025,20.688333,9.977666,11.439,11.545,12.334666
590,10.017666,20.737,9.989999,11.415333,11.493,12.342
591,10.028666,20.735333,9.984666,11.396,11.458666,12.344
592,10.016,20.779333,9.980333,11.392333,11.433666,12.351
593,10.022666,20.772,9.959999,11.417666,11.465,12.318666
594,10.011,20.712666,9.956666,11.431666,11.514,12.327666
595,10.009666,20.697666,9.972666,11.398666,11.513333,12.299
596,10.009333,20.651666,10.000666,11.345,11.521666,12.328333
597,10.003,20.658666,10.016666,11.368,11.522333,12.343333
598,10.003,20.663333,10.017333,11.394333,11.533666,12.356
599,9.998666,20.688,10.021,11.416666,11.55,12.345
600,9.981333,20.684,10.016,11.406666,11.534666,12.333
601,9.949999,20.631,9.991,11.408,11.519,12.332
