,Trial 1,Trial 2,Trial 3,Triton Trial 1,Triton Trial 2,Triton Trial 3
Time,Intensity,Intensity,Intensity,Intensity,Intensity,Intensity
1,55.682,70.575999,59.301999,61.607,52.129,52.881
2,54.935666,66.888666,56.767333,53.400333,44.372666,43.788333
3,54.215666,63.893666,54.551666,46.375333,37.798,36.249333
4,53.648,61.657999,52.791333,40.801333,32.689666,30.799666
5,53.035333,60.047666,51.185666,36.394,28.590666,26.7
6,52.582333,58.689333,49.742333,32.648,25.300666,23.616666
7,52.026,57.559666,48.41,29.519,22.641,21.199333
8,51.508,56.546,47.252666,26.912333,20.552,19.254666
9,50.939333,55.650666,46.244666,24.726,18.778666,17.669666
10,50.566,54.805,45.248,22.815666,17.357666,16.337
11,50.185666,53.941333,44.313666,21.182333,16.155,15.272
12,49.806666,53.089333,43.407666,19.797666,15.16,14.340666
13,49.377333,52.346999,42.638666,18.602333,14.262,13.519333
14,48.989333,51.707333,41.919999,17.54,13.463,12.802
15,48.623,51.124,41.225333,16.640333,12.783,12.219666
16,48.309,50.562666,40.532999,15.876333,12.207333,11.727666
17,48.040333,50.105,39.896333,15.200333,11.705666,11.289333
18,47.779666,49.725333,39.340666,14.574,11.263666,10.892
19,47.462666,49.305333,38.833333,13.993,10.879333,10.553333
20,47.051666,48.812333,38.352999,13.498333,10.559,10.316666
21,46.691666,48.246333,37.864333,13.076333,10.325333,10.149
22,46.393,47.742333,37.428,12.709,10.168333,10.023
23,46.198333,47.309333,36.981333,12.341333,10.044333,9.875666
24,45.913666,46.991666,36.608666,11.985333,9.887665,9.708666
25,45.627333,46.630333,36.209333,11.674666,9.693999,9.517999
26,45.397666,46.244666,35.826,11.425,9.469666,9.330666
27,45.286666,45.900333,35.456333,11.145,9.254666,9.137333
28,45.130333,45.627,35.072333,10.933333,9.077,8.987666
29,44.907333,45.387666,34.706,10.706333,8.942,8.891
30,44.575,45.034,34.343,10.541,8.840999,8.821999
31,44.317666,44.687666,34.115666,10.397333,8.757332,8.754666
32,44.113,44.465,33.816333,10.280666,8.675333,8.692333
33,43.979666,44.213333,33.611666,10.220333,8.600999,8.649666
34,43.781333,43.97,33.350333,10.144333,8.542,8.582999
35,43.539666,43.637333,33.225666,10.075666,8.458333,8.495999
36,43.281666,43.375666,33.017,10,8.376333,8.420666
37,43.054666,43.132666,32.666,9.899666,8.286,8.374333
38,42.904666,42.949666,32.402,9.828666,8.216333,8.337333
39,42.792333,42.785333,32.184,9.743999,8.153665,8.281666
40,42.664,42.569333,32.087666,9.652333,8.070333,8.228
41,42.425,42.324666,31.898333,9.537,8.001333,8.185333
42,42.224999,42.108,31.634,9.426,7.927333,8.154666
43,42.053,41.889,31.412,9.340332,7.853999,8.096333
44,41.962999,41.636,31.219,9.262665,7.792333,8.029999
45,41.839333,41.408666,31.091666,9.188333,7.751333,7.988333
46,41.72,41.272,30.963,9.114333,7.740666,7.966666
47,41.633666,41.151999,30.823333,9.063333,7.712333,7.915666
48,41.522666,40.990666,30.677333,9.015333,7.663,7.835
49,41.356666,40.805,30.508666,8.962666,7.613333,7.788
50,41.197333,40.623333,30.313,8.918333,7.577333,7.789666
51,41.095666,40.472333,30.101,8.872666,7.558666,7.774999
52,40.968666,40.355,29.95,8.831,7.524,7.715666
53,40.773333,40.242666,29.846666,8.781333,7.492333,7.658333
54,40.607333,40.099666,29.699666,8.752,7.473333,7.633333
55,40.504,39.937,29.569666,8.721,7.472666,7.649666
56,40.421,39.756333,29.428333,8.700333,7.460333,7.635666
57,40.284333,39.593666,29.378,8.670999,7.437666,7.635
58,40.136333,39.415333,29.253,8.635332,7.426,7.609333
59,40.041999,39.274,29.138666,8.620998,7.427,7.592
60,39.877333,39.229,29.072,8.616332,7.427333,7.577666
61,39.737333,39.189333,28.98,8.605665,7.432666,7.547666
62,39.605666,39.047,28.813333,8.560333,7.417666,7.508666
63,39.528333,38.753,28.607,8.508998,7.401,7.493
64,39.438333,38.350333,28.475,8.465,7.365333,7.502333
65,39.360333,38.005666,28.418666,8.439333,7.343999,7.511666
66,39.215666,37.767333,28.365666,8.385,7.342333,7.508999
67,39.105666,37.625333,28.294333,8.371999,7.343333,7.483333
68,38.910333,37.530333,28.293333,8.364666,7.343666,7.491666
69,38.844333,37.414333,28.182,8.382666,7.324333,7.467666
70,38.75,37.362666,28.113333,8.350666,7.313666,7.475666
71,38.642,37.240333,28.011333,8.270333,7.323,7.461666
72,38.568,37.043,27.993333,8.190333,7.339,7.457333
73,38.462,36.810999,27.932,8.163665,7.339333,7.431666
74,38.341666,36.676333,27.824666,8.159666,7.326333,7.423
75,38.186333,36.580333,27.732666,8.142666,7.307666,7.416333
76,38.049666,36.487333,27.654666,8.118,7.294,7.425
77,37.957666,36.388666,27.576666,8.113999,7.289333,7.416666
78,37.869333,36.322666,27.496666,8.121,7.294333,7.409666
79,37.808333,36.251666,27.429666,8.111333,7.302666,7.413333
80,37.752,36.116333,27.394666,8.076665,7.299666,7.414666
81,37.674666,35.977333,27.333333,8.021666,7.291666,7.413333
82,37.593,35.879,27.214,7.97,7.288,7.415666
83,37.472666,35.779333,27.126666,7.948333,7.282999,7.427
84,37.348666,35.696,27.065666,7.945,7.277666,7.417
85,37.242,35.579666,27.047,7.925999,7.267666,7.392333
86,37.234,35.492333,27.009666,7.903,7.266,7.390666
87,37.194,35.418333,26.950333,7.887,7.263333,7.399666
88,37.141666,35.285333,26.907333,7.876666,7.274666,7.401666
89,37.035333,35.227,26.808333,7.847666,7.274999,7.388333
90,36.919333,35.127666,26.727666,7.826333,7.272333,7.381666
91,36.867333,35.099,26.609333,7.795666,7.266,7.364666
92,36.797,34.969333,26.550333,7.755333,7.260666,7.349333
93,36.790333,34.825,26.510666,7.688,7.268666,7.326999
94,36.736333,34.728,26.514,7.651666,7.260666,7.341333
95,36.647333,34.660666,26.489666,7.679333,7.259666,7.341
96,36.556,34.593,26.425333,7.718333,7.258666,7.363666
97,36.438666,34.498333,26.377,7.701666,7.253333,7.351
98,36.403333,34.412,26.305333,7.662666,7.258666,7.356999
99,36.350666,34.326666,26.279333,7.625333,7.259333,7.338666
100,36.335333,34.249,26.152666,7.621333,7.260666,7.335
101,36.241666,34.203666,26.072,7.583333,7.259333,7.315666
102,36.116,34.173666,26.008,7.589,7.253333,7.321333
103,36.017,34.161333,26.028666,7.619,7.252666,7.327999
104,36.010666,34.12,26.015333,7.641666,7.246333,7.344
105,36.009333,34.101,25.940666,7.628333,7.244666,7.345333
106,35.937,34.021666,25.875,7.602,7.245666,7.346666
107,35.800666,33.979333,25.821333,7.595,7.249,7.335333
108,35.725333,33.957333,25.800666,7.596999,7.252333,7.321333
109,35.721333,33.958,25.779,7.594666,7.256,7.31
110,35.745,33.913666,25.720333,7.581666,7.254666,7.313666
111,35.726333,33.807333,25.615333,7.554333,7.250666,7.322
112,35.645666,33.695666,25.534666,7.521,7.247999,7.321
113,35.583666,33.618,25.514,7.505666,7.241,7.318333
114,35.545333,33.615,25.465666,7.513333,7.234,7.311
115,35.512,33.562,25.417333,7.517,7.232666,7.308666
116,35.455,33.527666,25.365333,7.505999,7.238,7.298999
117,35.380666,33.466333,25.347666,7.47,7.243,7.291999
118,35.325333,33.465,25.309333,7.458666,7.259666,7.305999
119,35.297666,33.423666,25.286,7.46,7.261666,7.316666
120,35.289333,33.406333,25.337,7.456333,7.262333,7.330666
121,35.257666,33.334333,25.318333,7.440666,7.243333,7.309666
122,35.189333,33.247666,25.193666,7.429,7.244,7.300999
123,35.044333,33.155333,25.143666,7.43,7.245666,7.295333
124,34.918333,33.101333,25.116,7.415,7.252666,7.294666
125,34.871333,33.086,25.118,7.406666,7.244333,7.294666
126,34.883,33.046333,25.059666,7.385,7.244,7.294666
127,34.857333,32.966666,25.032666,7.381666,7.237666,7.310333
128,34.800999,32.891333,25.024,7.373666,7.238333,7.317666
129,34.698666,32.805666,24.956666,7.367666,7.237333,7.319
130,34.666999,32.774,24.905,7.374,7.237333,7.312666
131,34.584333,32.742,24.859333,7.381,7.248333,7.316999
132,34.594666,32.765,24.812,7.390666,7.256666,7.329999
133,34.553666,32.704666,24.675333,7.392333,7.259333,7.334999
134,34.522666,32.576333,24.606,7.375666,7.253666,7.334999
135,34.430333,32.489999,24.584666,7.364,7.241333,7.315
136,34.383666,32.508666,24.627,7.359666,7.242,7.301
137,34.366,32.536666,24.623333,7.364666,7.243666,7.286333
138,34.397,32.495666,24.604333,7.379666,7.248333,7.290333
139,34.430666,32.427666,24.580666,7.388999,7.250333,7.302
140,34.435,32.386333,24.534666,7.379333,7.245666,7.305333
141,34.374,32.324333,24.46,7.362333,7.241666,7.304
142,34.268333,32.242,24.414333,7.345666,7.239,7.307666
143,34.185666,32.186333,24.416333,7.329333,7.239,7.315666
144,34.158333,32.168333,24.416,7.317666,7.243666,7.319999
145,34.144666,32.201333,24.398,7.309666,7.244666,7.317
146,34.059666,32.205333,24.330666,7.319999,7.241,7.311333
147,34.023666,32.157999,24.295333,7.321333,7.234666,7.309333
148,33.998666,32.138333,24.265,7.323,7.236333,7.305
149,34.006666,32.096999,24.273333,7.315666,7.242,7.301333
150,33.980999,32.047999,24.285333,7.324666,7.239999,7.291333
151,33.953333,31.954,24.265666,7.313,7.233,7.299666
152,33.910333,31.902,24.203666,7.304666,7.23,7.31
153,33.879333,31.865,24.065666,7.291666,7.245,7.329333
154,33.845,31.816333,24.014333,7.291,7.252333,7.328666
155,33.846333,31.758666,23.984333,7.289,7.250333,7.327666
156,33.810333,31.738,23.954666,7.281666,7.244666,7.312
157,33.756333,31.752,23.962666,7.282333,7.236999,7.304
158,33.662666,31.757,23.975666,7.289666,7.251333,7.295666
159,33.602666,31.714666,23.937666,7.298666,7.245,7.303666
160,33.599666,31.687666,23.817666,7.299333,7.245666,7.304999
161,33.624666,31.602666,23.733666,7.299333,7.244,7.305999
162,33.598333,31.505666,23.735666,7.292,7.244333,7.305333
163,33.538999,31.435333,23.699333,7.284,7.250666,7.300666
164,33.544333,31.479666,23.642,7.277,7.240333,7.297666
165,33.539666,31.529666,23.65,7.275666,7.243,7.285666
166,33.574333,31.497666,23.686333,7.270666,7.24,7.287
167,33.509666,31.443666,23.707,7.271666,7.243,7.285666
168,33.465999,31.419,23.624333,7.274333,7.236,7.284333
169,33.384333,31.429666,23.522666,7.274666,7.233333,7.282666
170,33.328,31.425,23.445666,7.273333,7.231,7.277666
171,33.296,31.406,23.487333,7.274,7.232666,7.276666
172,33.246666,31.342666,23.567666,7.281666,7.232333,7.277
173,33.232666,31.239666,23.566333,7.282999,7.229,7.278
174,33.259,31.175,23.495333,7.275333,7.228666,7.278333
175,33.284666,31.184,23.398333,7.272333,7.225666,7.276666
176,33.314666,31.227333,23.369666,7.270333,7.221333,7.278666
177,33.289666,31.206333,23.37,7.274333,7.224,7.276333
178,33.251666,31.131333,23.375333,7.272333,7.229666,7.279666
179,33.193666,31.123666,23.421666,7.267666,7.230333,7.282333
180,33.064,31.105333,23.357333,7.269666,7.236666,7.297666
181,33.026333,31.066,23.284333,7.276333,7.240333,7.294
182,33.009333,30.967333,23.164,7.274,7.243666,7.296333
183,33.048666,30.941333,23.182666,7.271333,7.234333,7.283333
184,33.004,30.980333,23.131333,7.267666,7.228666,7.280666
185,32.914666,30.971,23.214666,7.281666,7.242999,7.280666
186,32.903,30.931666,23.224333,7.273666,7.243333,7.280333
187,32.906,30.828666,23.295666,7.264666,7.234333,7.273666
188,32.954666,30.770333,23.202,7.25,7.228,7.265333
189,32.831333,30.702,23.063,7.250666,7.228999,7.266999
190,32.791333,30.759333,22.981,7.250333,7.236333,7.274
191,32.728666,30.772333,22.910333,7.257666,7.235333,7.268333
192,32.777666,30.844,22.906666,7.259333,7.236,7.265666
193,32.733999,30.785333,22.896333,7.265999,7.243666,7.265
194,32.701,30.749,22.912,7.266333,7.239333,7.266333
195,32.698666,30.723,22.946,7.271333,7.237666,7.259666
196,32.714666,30.722333,22.947666,7.263,7.236333,7.257666
197,32.706333,30.689333,22.908,7.254,7.242,7.264
198,32.704333,30.594333,22.871333,7.253,7.250666,7.272333
199,32.718,30.547,22.868,7.259,7.252666,7.28
200,32.699,30.556666,22.896333,7.266333,7.248666,7.282666
201,32.627333,30.576,22.903333,7.261333,7.244333,7.277666
202,32.548666,30.54,22.853333,7.254333,7.24,7.268333
203,32.532666,30.508666,22.794333,7.249999,7.235666,7.275666
204,32.535666,30.529333,22.762666,7.249999,7.231333,7.297333
205,32.526333,30.557666,22.749,7.250333,7.228333,7.306
206,32.518666,30.560666,22.719,7.242,7.232666,7.295
207,32.488,30.510666,22.655,7.237,7.236,7.277333
208,32.486999,30.468333,22.633666,7.238,7.232666,7.27
209,32.423666,30.48,22.631,7.242666,7.236666,7.263
210,32.395666,30.444,22.64,7.255,7.240666,7.258
211,32.289,30.384,22.663666,7.262999,7.249,7.259666
212,32.357666,30.336333,22.625333,7.263999,7.242999,7.263333
213,32.314,30.347666,22.602,7.250999,7.245666,7.275333
214,32.34,30.397333,22.500666,7.25,7.254,7.269333
215,32.326666,30.334666,22.479333,7.251,7.254333,7.266
216,32.362666,30.291333,22.424,7.255999,7.252666,7.261
217,32.337666,30.237,22.436333,7.257999,7.246666,7.261
218,32.23,30.207666,22.403,7.250333,7.245666,7.262
219,32.072666,30.202333,22.429,7.242999,7.245666,7.253333
220,31.993333,30.194666,22.394666,7.236,7.239333,7.261
221,31.958333,30.184,22.383,7.238,7.232,7.260666
222,32.02,30.148333,22.335333,7.237666,7.229666,7.254333
223,32.055,30.120333,22.336666,7.230666,7.23,7.252
224,32.033666,30.147333,22.341333,7.235333,7.242999,7.258333
225,32.048666,30.151,22.346333,7.237,7.245333,7.266666
226,32.082333,30.107,22.322666,7.235,7.245666,7.272666
227,32.087666,30.046333,22.307333,7.239666,7.243999,7.275333
228,32.066666,30.021,22.263,7.244,7.238333,7.282
229,31.994,29.988,22.23,7.241333,7.240666,7.274333
230,31.972333,29.968333,22.219333,7.233,7.238333,7.270333
231,31.964333,29.945,22.206,7.235,7.236,7.274666
232,31.985333,29.920333,22.166,7.238666,7.231666,7.278333
233,31.989,29.891,22.133666,7.236333,7.233666,7.272666
234,31.945333,29.890333,22.142333,7.232333,7.239,7.259333
235,31.874,29.913,22.177,7.232333,7.236,7.251333
236,31.810666,29.917666,22.195666,7.235333,7.226666,7.250666
237,31.792,29.911333,22.196,7.239333,7.221666,7.254
238,31.777666,29.891333,22.196666,7.244666,7.224666,7.26
239,31.764666,29.838666,22.158,7.241,7.231,7.262333
240,31.754333,29.757666,22.114666,7.233,7.237333,7.260666
241,31.725,29.725,22.084333,7.227666,7.243,7.241666
242,31.706,29.742666,22.087333,7.228,7.244,7.233666
243,31.669333,29.740666,22.057333,7.227666,7.243333,7.231999
244,31.72,29.754666,22.01,7.228333,7.237333,7.244
245,31.713666,29.745333,21.993333,7.233666,7.233333,7.242666
246,31.692333,29.721666,22.009666,7.228333,7.220999,7.245
247,31.592333,29.755,22.034666,7.236,7.221,7.254333
248,31.567,29.718333,21.968,7.231666,7.222666,7.27
249,31.561,29.701666,21.891666,7.238,7.236333,7.268
250,31.646333,29.653666,21.854333,7.230333,7.229333,7.260666
251,31.646,29.652666,21.896333,7.23,7.227333,7.252
252,31.598666,29.619333,21.937,7.236666,7.22,7.251666
253,31.483,29.586666,21.955333,7.237666,7.232333,7.250999
254,31.410333,29.562,21.941333,7.236666,7.234666,7.256666
255,31.433666,29.607,21.923,7.229666,7.240333,7.269666
256,31.469666,29.586333,21.883333,7.222333,7.243,7.279333
257,31.455,29.553666,21.857666,7.221666,7.249,7.282666
258,31.420333,29.515666,21.856,7.222,7.245,7.273333
259,31.392,29.487666,21.802,7.228666,7.237333,7.269666
260,31.426333,29.481333,21.747666,7.23,7.231,7.264
261,31.464,29.460333,21.718333,7.225,7.229,7.265
262,31.441,29.415666,21.734,7.229,7.237333,7.265666
263,31.407,29.385333,21.756333,7.240333,7.247333,7.261666
264,31.370333,29.375666,21.779666,7.248666,7.258333,7.253666
265,31.362333,29.379333,21.805333,7.244,7.261666,7.247666
266,31.364,29.381,21.799,7.232666,7.259333,7.245333
267,31.357333,29.372333,21.743666,7.229333,7.256666,7.243666
268,31.377333,29.369666,21.688666,7.226999,7.252999,7.245333
269,31.380666,29.353,21.684,7.219666,7.252333,7.255666
270,31.350666,29.298,21.680333,7.216999,7.248333,7.265
271,31.278333,29.279666,21.673333,7.226666,7.242333,7.264333
272,31.229,29.259666,21.625333,7.241333,7.242666,7.263333
273,31.193666,29.252,21.619,7.25,7.245333,7.258
274,31.181,29.184666,21.636666,7.241,7.244333,7.249333
275,31.147333,29.152,21.638333,7.227666,7.245333,7.238
276,31.143666,29.166,21.623,7.228666,7.246333,7.246666
277,31.150333,29.217,21.572,7.231333,7.246333,7.260333
278,31.174,29.194666,21.588666,7.245666,7.238,7.271333
279,31.168666,29.185666,21.546,7.239333,7.230666,7.263333
280,31.141333,29.162333,21.555666,7.238333,7.229333,7.264
281,31.185333,29.191333,21.481666,7.23,7.229666,7.258666
282,31.132333,29.175,21.491333,7.228333,7.242666,7.258666
283,31.217666,29.148333,21.454666,7.228,7.244,7.251666
284,31.203333,29.114,21.473666,7.233333,7.256,7.251333
285,31.286,29.138666,21.493333,7.234999,7.246,7.251333
286,31.216333,29.178,21.490333,7.236,7.250999,7.252
287,31.174,29.238666,21.469,7.225,7.246666,7.250666
288,31.110666,29.198333,21.443333,7.217,7.251,7.256333
289,31.079333,29.138666,21.459,7.214333,7.257999,7.263666
290,31.034666,29.067333,21.459666,7.220666,7.254666,7.262
291,30.973666,29.033333,21.455666,7.228,7.246999,7.252666
292,30.936,29.053333,21.422333,7.225333,7.239333,7.244666
293,30.921,29.047666,21.393333,7.221333,7.238333,7.247999
294,30.925333,29.031,21.345666,7.222,7.242666,7.257
295,30.904666,29.023,21.312,7.226999,7.245,7.257666
296,30.904,29.023,21.292,7.230333,7.248,7.253333
297,30.936,29.007333,21.269666,7.226,7.250666,7.248666
298,30.959,28.973666,21.255666,7.217333,7.250333,7.251333
299,30.952666,28.953666,21.241666,7.212333,7.247666,7.266
300,30.898333,28.939666,21.219333,7.215666,7.242333,7.276
301,30.89,28.921666,21.187333,7.225333,7.241666,7.272666
302,30.900333,28.922333,21.178,7.235666,7.242666,7.261666
303,30.914666,28.928,21.140666,7.234999,7.242999,7.251333
304,30.813,28.884333,21.16,7.232,7.244333,7.254333
305,30.752,28.830666,21.175666,7.220666,7.246666,7.267333
306,30.695666,28.802333,21.195666,7.221333,7.252666,7.268
307,30.759666,28.827333,21.212666,7.222333,7.254666,7.266666
308,30.765,28.837,21.144333,7.222333,7.267666,7.261666
309,30.816,28.857333,21.124666,7.222666,7.259666,7.262666
310,30.805666,28.858,21.065,7.222666,7.256666,7.269666
311,30.807666,28.851666,21.103666,7.227666,7.243,7.269
312,30.714,28.833333,21.103666,7.228,7.250999,7.268333
313,30.681,28.847,21.109333,7.228333,7.252,7.253
314,30.671333,28.838333,21.094666,7.222333,7.252666,7.239333
315,30.703333,28.813666,21.081666,7.220333,7.245666,7.244666
316,30.675,28.756,21.053333,7.22,7.244666,7.246
317,30.627666,28.758333,21.037,7.226666,7.244333,7.257
318,30.584,28.768,21.003666,7.227666,7.245333,7.258
319,30.578,28.769666,20.964333,7.222333,7.238333,7.265333
320,30.581666,28.73,20.904333,7.22,7.235999,7.266
321,30.572333,28.699666,20.883333,7.215,7.241999,7.266666
322,30.605333,28.691666,20.912666,7.218333,7.249666,7.271666
323,30.622,28.677666,20.918,7.222333,7.251666,7.269333
324,30.631666,28.649666,20.899333,7.224333,7.255666,7.257
325,30.586666,28.610333,20.867666,7.224,7.259333,7.246
326,30.539,28.584,20.875666,7.218999,7.26,7.247333
327,30.539,28.575,20.899,7.222,7.251666,7.256333
328,30.561333,28.579333,20.904666,7.229666,7.239666,7.26
329,30.560666,28.595333,20.893,7.231333,7.232333,7.252666
330,30.504666,28.600333,20.842333,7.228333,7.231666,7.246
331,30.451,28.595666,20.781666,7.221,7.237,7.250999
332,30.473,28.606666,20.754,7.214999,7.242,7.258999
333,30.524666,28.588,20.754,7.213333,7.250666,7.272333
334,30.539666,28.564,20.718,7.216666,7.245666,7.269333
335,30.511333,28.542666,20.702333,7.223333,7.243333,7.271
336,30.476333,28.572666,20.716333,7.222,7.244666,7.260999
337,30.435333,28.6,20.795333,7.219666,7.252,7.265666
338,30.395,28.598,20.784666,7.207,7.25,7.259666
339,30.408,28.59,20.769333,7.206333,7.244999,7.258666
340,30.446,28.536666,20.75,7.207333,7.245666,7.252666
341,30.402666,28.538333,20.732,7.220666,7.253333,7.26
342,30.374333,28.469,20.692666,7.221333,7.252333,7.26
343,30.348666,28.442,20.700666,7.222,7.245666,7.274333
344,30.347,28.433,20.708333,7.222666,7.244666,7.282333
345,30.273333,28.488,20.75,7.222,7.238,7.291333
346,30.27,28.500333,20.706333,7.214,7.236666,7.278333
347,30.287,28.451,20.649666,7.206333,7.241333,7.268666
348,30.368,28.372,20.602333,7.206,7.256333,7.267999
349,30.322,28.379,20.571666,7.206333,7.265333,7.263999
350,30.316666,28.442666,20.595333,7.212,7.260333,7.250666
351,30.273666,28.478,20.573666,7.218999,7.246999,7.245333
352,30.259666,28.448,20.567666,7.222333,7.242999,7.255
353,30.223666,28.382666,20.54,7.217,7.238,7.265333
354,30.187,28.368666,20.542333,7.214333,7.245333,7.267333
355,30.188666,28.371666,20.551,7.218333,7.247999,7.263999
356,30.214333,28.351666,20.567333,7.225666,7.249999,7.265999
357,30.217333,28.331,20.574333,7.228333,7.244333,7.265333
358,30.195666,28.329,20.562,7.228666,7.241,7.265
359,30.173,28.341,20.538666,7.229333,7.244666,7.264666
360,30.143666,28.334333,20.509666,7.226666,7.248666,7.261
361,30.109333,28.31,20.484666,7.222,7.252333,7.257666
362,30.097666,28.316,20.471,7.222333,7.252333,7.252666
363,30.126,28.328,20.477666,7.223666,7.253,7.251666
364,30.177,28.333333,20.486,7.221666,7.251333,7.251666
365,30.163,28.305333,20.474,7.217666,7.245666,7.251666
366,30.141333,28.291666,20.444,7.225333,7.243666,7.252
367,30.062666,28.27,20.410333,7.232333,7.240333,7.252333
368,30.018333,28.245666,20.403,7.235,7.251333,7.261333
369,30.007,28.231333,20.389,7.222,7.252999,7.275999
370,30.056666,28.244333,20.371,7.215333,7.256666,7.275666
371,30.067333,28.268333,20.307666,7.215666,7.243333,7.280666
372,30.054,28.262666,20.287,7.222666,7.235333,7.266333
373,30.004666,28.282666,20.287333,7.228999,7.236666,7.266333
374,29.949666,28.257,20.307,7.221333,7.250666,7.260333
375,29.957,28.247,20.368333,7.221666,7.266333,7.261333
376,29.908333,28.219333,20.368,7.222666,7.267333,7.261333
377,29.939666,28.233333,20.393,7.230333,7.262,7.254
378,29.889666,28.196,20.280333,7.230666,7.259999,7.26
379,29.924333,28.144333,20.252666,7.223333,7.260333,7.267333
380,29.914333,28.144666,20.239333,7.215999,7.260333,7.268666
381,29.944666,28.16,20.284,7.213333,7.254666,7.261333
382,29.953666,28.177,20.272333,7.220333,7.257999,7.259333
383,29.993666,28.151333,20.257666,7.227666,7.259666,7.265
384,30.042333,28.134666,20.235666,7.228999,7.259333,7.273666
385,30.057333,28.118333,20.200333,7.223999,7.259,7.276
386,30.055333,28.082,20.174333,7.221666,7.259666,7.272333
387,30.057333,28.09,20.184666,7.218666,7.26,7.260333
388,30.067,28.113666,20.199,7.219666,7.255333,7.256666
389,30.019,28.108666,20.195,7.221333,7.247999,7.265333
390,29.907333,28.061333,20.160666,7.220666,7.243333,7.276
391,29.819333,27.990333,20.133,7.217,7.247,7.279
392,29.796333,27.988,20.150333,7.210666,7.255666,7.271666
393,29.817666,28.054333,20.160333,7.210666,7.260999,7.264333
394,29.86,28.052,20.17,7.218333,7.257666,7.259333
395,29.865333,27.985666,20.130333,7.226333,7.249666,7.26
396,29.83,27.897333,20.096333,7.231666,7.242666,7.258
397,29.787,27.923666,20.088333,7.231666,7.242999,7.249
398,29.785666,27.968333,20.111,7.231666,7.246333,7.244
399,29.776666,28.001,20.083,7.231,7.251666,7.245666
400,29.796,27.975333,20.072,7.223333,7.249666,7.252333
401,29.798333,27.964,19.977333,7.214333,7.243333,7.251
402,29.786,27.968666,19.972,7.205666,7.244333,7.244666
403,29.712333,27.996,19.946333,7.205333,7.254333,7.26
404,29.737333,28.090666,19.932,7.206,7.260999,7.268333
405,29.809666,28.077666,19.932,7.214999,7.260666,7.275333
406,29.909,28.050333,19.924666,7.214999,7.266333,7.253666
407,29.853333,27.931,19.955,7.215666,7.267666,7.244666
408,29.792666,27.930333,19.903,7.207333,7.267333,7.244
409,29.688,27.944,19.914333,7.213666,7.260333,7.251333
410,29.653666,27.964,19.934666,7.226333,7.266333,7.252999
411,29.675666,27.962333,20.026666,7.234999,7.269,7.253333
412,29.693666,27.953333,20.024333,7.23,7.267666,7.246333
413,29.690333,27.960333,20.018333,7.222333,7.258,7.242999
414,29.605333,27.946,19.956,7.217333,7.243,7.243333
415,29.599666,27.926333,19.901,7.220999,7.236333,7.249666
416,29.612,27.903666,19.877333,7.222333,7.237333,7.248333
417,29.629333,27.891,19.874666,7.225666,7.255666,7.245
418,29.659666,27.889666,19.903666,7.227666,7.256,7.245666
419,29.683333,27.863666,19.902666,7.224333,7.250333,7.254333
420,29.698,27.838,19.853666,7.218,7.249999,7.261333
421,29.684333,27.84,19.813,7.214333,7.255999,7.257
422,29.658333,27.85,19.799,7.218,7.266666,7.247333
423,29.63,27.845333,19.802333,7.222333,7.267333,7.243666
424,29.574666,27.831,19.799,7.221666,7.260333,7.245
425,29.56,27.871333,19.759,7.221666,7.251666,7.242666
426,29.531,27.879666,19.783666,7.222333,7.246,7.239
427,29.538333,27.887333,19.812,7.222666,7.249666,7.249333
428,29.518666,27.870333,19.82,7.221666,7.264333,7.263333
429,29.523333,27.879333,19.809666,7.218,7.277666,7.266333
430,29.551,27.842333,19.776666,7.222999,7.281,7.257333
431,29.548666,27.848666,19.81,7.23,7.264333,7.251
432,29.561,27.906,19.793666,7.228,7.244666,7.251333
433,29.565,27.965333,19.767666,7.22,7.239333,7.259333
434,29.540333,27.931333,19.708,7.214,7.238666,7.260666
435,29.564,27.877333,19.702,7.214666,7.252666,7.276333
436,29.490333,27.813333,19.653,7.214666,7.246,7.284666
437,29.481333,27.857333,19.632666,7.214666,7.245333,7.292
438,29.424666,27.852,19.598333,7.208666,7.237333,7.282666
439,29.462666,27.857666,19.665333,7.207666,7.251333,7.268333
440,29.46,27.804666,19.708666,7.207,7.268,7.260333
441,29.428333,27.782666,19.734333,7.214,7.269666,7.261333
442,29.347,27.779333,19.695333,7.221666,7.262,7.263
443,29.316,27.791,19.666333,7.217,7.247999,7.263666
444,29.304,27.789,19.659,7.221,7.25,7.262
445,29.331333,27.795,19.669666,7.217,7.253,7.271333
446,29.343666,27.773666,19.657666,7.219333,7.258666,7.271
447,29.389333,27.751666,19.631333,7.221333,7.254666,7.262333
448,29.41,27.727333,19.595666,7.227,7.251666,7.255
449,29.408666,27.727333,19.601333,7.226666,7.255,7.257666
450,29.355,27.768,19.616333,7.223333,7.263333,7.263999
451,29.313333,27.818,19.633333,7.222666,7.271999,7.267
452,29.321333,27.823333,19.643666,7.223,7.273,7.268333
453,29.357333,27.787,19.637333,7.219333,7.261666,7.268666
454,29.412666,27.751333,19.623666,7.214666,7.248333,7.265999
455,29.412333,27.723333,19.569,7.215666,7.243,7.261
456,29.375,27.721666,19.517666,7.215333,7.250999,7.257666
457,29.263666,27.703,19.480666,7.214666,7.265333,7.254666
458,29.206,27.689333,19.480333,7.214666,7.26,7.262
459,29.185666,27.674666,19.508333,7.216666,7.253333,7.269333
460,29.22,27.619333,19.552666,7.221333,7.239333,7.272666
461,29.260666,27.671666,19.542333,7.223,7.251666,7.260666
462,29.340666,27.664666,19.520666,7.228333,7.253,7.262
463,29.319333,27.703333,19.522,7.228333,7.249666,7.263333
464,29.264333,27.673333,19.504333,7.227666,7.235333,7.274999
465,29.198,27.642666,19.498666,7.226666,7.228,7.265666
466,29.206666,27.696666,19.483666,7.227333,7.227666,7.258666
467,29.215,27.686666,19.536,7.228333,7.228,7.244666
468,29.152666,27.669333,19.578666,7.214666,7.241999,7.246
469,29.180333,27.588333,19.577333,7.212666,7.250999,7.247666
470,29.209666,27.580666,19.540666,7.205666,7.266,7.254999
471,29.263333,27.588666,19.478333,7.211666,7.261666,7.254666
472,29.282,27.611666,19.431,7.199666,7.261,7.254
473,29.316666,27.591666,19.398333,7.197,7.247666,7.254
474,29.287666,27.573,19.375333,7.198666,7.244333,7.258666
475,29.231333,27.556333,19.367666,7.210999,7.244666,7.259666
476,29.128333,27.535333,19.359333,7.216333,7.251333,7.264666
477,29.115666,27.564666,19.371666,7.215999,7.253333,7.262333
478,29.111,27.549,19.372,7.210666,7.249,7.260666
479,29.137,27.546333,19.363333,7.206999,7.241,7.260333
480,29.165666,27.544666,19.350666,7.206333,7.237666,7.257
481,29.155333,27.559,19.349666,7.205666,7.238333,7.252999
482,29.151666,27.586,19.363,7.209666,7.255333,7.249333
483,29.149666,27.580666,19.353,7.214,7.272333,7.253666
484,29.130666,27.542,19.317,7.217333,7.275,7.265
485,29.098333,27.508,19.294666,7.222333,7.274333,7.271666
486,29.065,27.519666,19.293333,7.226,7.268666,7.273
487,29.123,27.553333,19.299333,7.231666,7.272333,7.265
488,29.106,27.537,19.288666,7.235333,7.257333,7.257333
489,29.077666,27.519,19.283666,7.233333,7.247333,7.254333
490,28.989666,27.5,19.270666,7.224666,7.238333,7.261333
491,28.969333,27.534333,19.255,7.214333,7.242333,7.263666
492,28.954666,27.471,19.246,7.216333,7.237666,7.267666
493,28.955333,27.457333,19.247333,7.221666,7.242666,7.262666
494,29.073666,27.402333,19.265,7.220666,7.245333,7.274
495,29.135666,27.439333,19.273666,7.220666,7.26,7.260666
496,29.138333,27.468333,19.247666,7.222333,7.269666,7.258666
497,29.088333,27.508,19.278333,7.229333,7.27,7.253333
498,29.106333,27.576,19.244333,7.221666,7.269333,7.261
499,29.117666,27.535666,19.253666,7.221666,7.268,7.261333
500,29.085666,27.464,19.240666,7.214333,7.262,7.253666
501,29.034666,27.355,19.273666,7.226999,7.254666,7.248
502,28.989,27.328666,19.267,7.222,7.253,7.248333
503,28.967333,27.358666,19.255,7.226333,7.259333,7.249
504,28.910333,27.353333,19.233333,7.215,7.264,7.261666
505,28.946333,27.333,19.221,7.212333,7.260333,7.27
506,28.944333,27.302666,19.176333,7.205666,7.264333,7.271666
507,28.934666,27.332,19.167,7.202666,7.262,7.270333
508,28.942333,27.341,19.183,7.202,7.264666,7.265333
509,28.966333,27.348666,19.202666,7.203,7.262666,7.258333
510,29.011333,27.335,19.184666,7.208666,7.26,7.245333
511,29.003,27.364333,19.181333,7.212666,7.271,7.242999
512,28.971333,27.404666,19.196,7.216666,7.286666,7.251
513,28.923,27.395666,19.206666,7.22,7.290333,7.262333
514,28.854333,27.364666,19.180666,7.221,7.274666,7.263333
515,28.832666,27.361333,19.132333,7.220999,7.255666,7.255333
516,28.869666,27.385,19.110333,7.218333,7.252666,7.252
517,28.908,27.372,19.114666,7.213,7.250666,7.247666
518,28.907666,27.299333,19.155,7.208333,7.247333,7.250333
519,28.892,27.293666,19.150333,7.202666,7.249666,7.262
520,28.879666,27.322666,19.113,7.203333,7.246,7.272
521,28.882,27.375333,19.018,7.207333,7.249333,7.279333
522,28.858666,27.344666,19.009666,7.22,7.246333,7.266999
523,28.884666,27.318333,19.016,7.218,7.252,7.258333
524,28.851,27.227,19.061666,7.208999,7.252999,7.246
525,28.854666,27.248,19.081333,7.198,7.260666,7.246999
526,28.850333,27.176333,19.092,7.207666,7.260666,7.255333
527,28.813666,27.25,19.115,7.221,7.267333,7.253666
528,28.830333,27.192666,19.114,7.227333,7.274666,7.252333
529,28.806333,27.218,19.113666,7.227666,7.274333,7.259666
530,28.902666,27.149,19.107333,7.228333,7.274,7.284
531,28.834333,27.112666,19.067,7.228333,7.274,7.292333
532,28.79,27.076666,19.031666,7.221333,7.277,7.272666
533,28.808666,27.092666,18.993,7.213666,7.268666,7.261333
534,28.868333,27.071666,18.97,7.205333,7.253333,7.267666
535,28.913,27.111333,18.987333,7.209999,7.25,7.276999
536,28.792666,27.113,19.012666,7.217333,7.250666,7.266333
537,28.741666,27.146666,19.029333,7.225,7.251666,7.25
538,28.697666,27.106666,19.010333,7.226999,7.262666,7.246333
539,28.713666,27.090333,18.983,7.226666,7.274,7.258333
540,28.708333,27.091,18.982,7.222666,7.281,7.269
541,28.675666,27.125666,18.992666,7.215666,7.282666,7.271999
542,28.655333,27.122666,18.978,7.212333,7.279,7.269666
543,28.660666,27.109666,18.964,7.213333,7.275333,7.267666
544,28.706333,27.111,18.958,7.212333,7.271333,7.268
545,28.761,27.123333,18.950333,7.207666,7.268666,7.264333
546,28.783666,27.124,18.948666,7.206333,7.268333,7.258
547,28.765,27.071666,18.954,7.213666,7.266,7.254333
548,28.687,27.029,18.971666,7.222,7.262,7.256666
549,28.600333,27.023333,18.979333,7.225666,7.255666,7.263666
550,28.580666,27.012,18.943,7.220999,7.246,7.273333
551,28.582333,26.97,18.912666,7.221,7.250999,7.282666
552,28.656,26.939666,18.900666,7.221333,7.251333,7.273666
553,28.662666,27.016333,18.925666,7.219333,7.250666,7.256
554,28.676666,27.054,18.916,7.210999,7.253,7.236666
555,28.631666,27.043333,18.908,7.197666,7.261333,7.231999
556,28.627,26.967666,18.920333,7.198,7.266333,7.247666
557,28.636333,26.944666,18.949333,7.199,7.272333,7.255333
558,28.678666,26.948333,18.972666,7.214333,7.266,7.261666
559,28.658666,26.982666,18.949333,7.220666,7.264333,7.254
560,28.612,27.010666,18.946,7.219666,7.257666,7.246
561,28.539,27.002333,18.882666,7.212333,7.264333,7.244666
562,28.526333,26.977,18.855666,7.218333,7.279333,7.244666
563,28.563666,26.915666,18.825,7.228,7.280666,7.257999
564,28.607333,26.875,18.844333,7.235333,7.276,7.266666
565,28.628333,26.853666,18.849,7.23,7.262666,7.269
566,28.667666,26.885666,18.822666,7.228333,7.253666,7.263999
567,28.671666,26.873,18.798333,7.228333,7.257333,7.257
568,28.644333,26.806,18.777666,7.228333,7.264333,7.254
569,28.576666,26.75,18.770333,7.229,7.272333,7.253666
570,28.554,26.771666,18.786666,7.223333,7.269666,7.253666
571,28.579,26.814,18.826333,7.215666,7.266333,7.263999
572,28.618666,26.831,18.826333,7.212,7.270333,7.275333
573,28.619,26.838666,18.792666,7.217666,7.279333,7.283333
574,28.571333,26.861333,18.773333,7.221666,7.282999,7.281333
575,28.505666,26.876,18.802,7.217333,7.274666,7.277333
576,28.484,26.853333,18.840333,7.209333,7.265666,7.282999
577,28.505,26.794333,18.834666,7.206,7.262666,7.289333
578,28.511666,26.737333,18.803333,7.209,7.263,7.279333
579,28.520666,26.711666,18.788333,7.215333,7.268,7.260666
580,28.526333,26.69,18.802333,7.222,7.267666,7.246666
581,28.535666,26.719,18.825333,7.226666,7.263333,7.249333
582,28.549666,26.757,18.810666,7.227333,7.257,7.256333
583,28.574333,26.772666,18.765,7.227333,7.261666,7.262333
584,28.574333,26.716333,18.731666,7.227333,7.274999,7.262333
585,28.569666,26.647,18.739666,7.226666,7.275666,7.26
586,28.532666,26.624,18.725333,7.220999,7.281,7.254999
587,28.507,26.658,18.743333,7.227333,7.267666,7.261333
588,28.490666,26.663666,18.732,7.227,7.265,7.253666
589,28.523666,26.661333,18.762,7.225666,7.250666,7.252333
590,28.582,26.616,18.743,7.218666,7.251666,7.253666
591,28.555333,26.669666,18.738333,7.213333,7.259666,7.269666
592,28.535666,26.703333,18.763333,7.22,7.266666,7.278333
593,28.497666,26.757,18.737333,7.221,7.266999,7.265
594,28.469333,26.695666,18.788333,7.227,7.272,7.255333
595,28.450333,26.606333,18.716,7.228,7.273999,7.253333
596,28.409,26.564333,18.708,7.222,7.275333,7.260999
597,28.417,26.587666,18.629333,7.215333,7.262666,7.268333
598,28.383,26.632333,18.614333,7.207,7.254,7.264666
599,28.406333,26.612333,18.619666,7.209666,7.250999,7.268666
600,28.421333,26.571,18.593333,7.217666,7.260666,7.265666
601,28.43,26.553,18.565,7.23,7.279999,7.263
